Date,m1,m2,m3,m4
1/7/2010,5.81,5.76,5.7,5.74
1/8/2010,5.75,5.71,5.66,5.71
1/11/2010,5.45,5.43,5.41,5.46
1/12/2010,5.59,5.55,5.52,5.57
1/13/2010,5.73,5.7,5.67,5.71
1/14/2010,5.59,5.57,5.54,5.59
1/15/2010,5.69,5.67,5.64,5.69
1/19/2010,5.56,5.54,5.5,5.55
1/20/2010,5.5,5.47,5.44,5.49
1/21/2010,5.62,5.57,5.53,5.58
1/22/2010,5.82,5.75,5.69,5.72
1/25/2010,5.72,5.66,5.62,5.65
1/26/2010,5.49,5.43,5.41,5.46
1/27/2010,5.27,5.22,5.21,5.26
1/28/2010,5.14,5.13,5.18,5.25
1/29/2010,5.13,5.12,5.17,5.24
2/1/2010,5.43,5.41,5.45,5.52
2/2/2010,5.45,5.43,5.48,5.55
2/3/2010,5.42,5.39,5.44,5.51
2/4/2010,5.42,5.38,5.43,5.5
2/5/2010,5.52,5.48,5.54,5.6
2/8/2010,5.4,5.37,5.43,5.5
2/9/2010,5.29,5.27,5.33,5.41
2/10/2010,5.29,5.28,5.34,5.42
2/11/2010,5.4,5.38,5.44,5.52
2/12/2010,5.47,5.45,5.5,5.56
2/16/2010,5.31,5.3,5.36,5.43
2/17/2010,5.39,5.36,5.42,5.48
2/18/2010,5.17,5.16,5.23,5.3
2/19/2010,5.04,5.06,5.12,5.19
2/22/2010,4.9,4.91,4.98,5.05
2/23/2010,4.78,4.81,4.88,4.95
2/24/2010,4.82,4.86,4.93,5.01
2/25/2010,4.77,4.83,4.91,4.99
2/26/2010,4.81,4.88,4.96,5.04
3/1/2010,4.68,4.75,4.83,4.91
3/2/2010,4.71,4.78,4.85,4.93
3/3/2010,4.76,4.82,4.89,4.98
3/4/2010,4.58,4.64,4.72,4.81
3/5/2010,4.59,4.66,4.73,4.82
3/8/2010,4.53,4.59,4.66,4.75
3/9/2010,4.52,4.58,4.64,4.74
3/10/2010,4.56,4.62,4.7,4.79
3/11/2010,4.44,4.51,4.58,4.67
3/12/2010,4.4,4.47,4.54,4.63
3/15/2010,4.39,4.47,4.54,4.64
3/16/2010,4.35,4.42,4.49,4.59
3/17/2010,4.3,4.37,4.44,4.53
3/18/2010,4.09,4.15,4.23,4.32
3/19/2010,4.17,4.23,4.3,4.39
3/22/2010,4.08,4.15,4.21,4.3
3/23/2010,4.13,4.19,4.26,4.35
3/24/2010,4.11,4.15,4.22,4.31
3/25/2010,3.98,4.03,4.1,4.2
3/26/2010,3.87,3.93,4.01,4.1
3/29/2010,3.84,4,4.1,4.17
3/30/2010,3.97,4.06,4.17,4.24
3/31/2010,3.87,3.97,4.08,4.16
4/1/2010,4.09,4.18,4.29,4.37
4/5/2010,4.28,4.37,4.49,4.58
4/6/2010,4.15,4.23,4.31,4.5
4/7/2010,4.02,4.11,4.23,4.33
4/8/2010,3.91,4.01,4.14,4.23
4/9/2010,4.07,4.17,4.31,4.41
4/12/2010,4.01,4.11,4.25,4.35
4/13/2010,4.16,4.25,4.38,4.47
4/14/2010,4.2,4.3,4.42,4.5
4/15/2010,3.99,4.07,4.19,4.27
4/16/2010,4.04,4.13,4.24,4.33
4/19/2010,3.94,4.03,4.15,4.24
4/20/2010,3.98,4.06,4.19,4.28
4/21/2010,3.96,4.04,4.17,4.27
4/22/2010,4.13,4.22,4.33,4.43
4/23/2010,4.26,4.34,4.45,4.54
4/26/2010,4.26,4.35,4.47,4.56
4/27/2010,4.22,4.32,4.44,4.53
4/28/2010,4.27,4.35,4.47,4.57
4/29/2010,3.98,4.11,4.22,4.28
4/30/2010,3.92,4.05,4.15,4.22
5/3/2010,4,4.13,4.23,4.3
5/4/2010,4.01,4.13,4.24,4.31
5/5/2010,3.99,4.11,4.21,4.28
5/6/2010,3.93,4.04,4.14,4.22
5/7/2010,4.02,4.12,4.22,4.3
5/10/2010,4.17,4.27,4.36,4.43
5/11/2010,4.13,4.23,4.31,4.38
5/12/2010,4.28,4.39,4.46,4.52
5/13/2010,4.34,4.44,4.51,4.56
5/14/2010,4.31,4.41,4.48,4.53
5/17/2010,4.4,4.49,4.56,4.61
5/18/2010,4.34,4.44,4.51,4.56
5/19/2010,4.16,4.25,4.32,4.38
5/20/2010,4.11,4.19,4.26,4.32
5/21/2010,4.04,4.11,4.18,4.24
5/24/2010,4.02,4.08,4.15,4.21
5/25/2010,4.05,4.11,4.19,4.24
5/26/2010,4.16,4.18,4.25,4.31
5/27/2010,4.29,4.37,4.42,4.53
5/28/2010,4.34,4.41,4.46,4.57
6/1/2010,4.25,4.32,4.37,4.48
6/2/2010,4.42,4.48,4.53,4.63
6/3/2010,4.69,4.74,4.77,4.84
6/4/2010,4.8,4.84,4.86,4.94
6/7/2010,4.92,4.97,5.01,5.08
6/8/2010,4.81,4.87,4.92,5
6/9/2010,4.68,4.74,4.79,4.88
6/10/2010,4.65,4.71,4.76,4.84
6/11/2010,4.78,4.83,4.88,4.96
6/14/2010,5.01,5.06,5.1,5.17
6/15/2010,5.19,5.24,5.27,5.34
6/16/2010,4.98,5.03,5.07,5.14
6/17/2010,5.16,5.21,5.24,5.3
6/18/2010,5,5.05,5.08,5.14
6/21/2010,4.87,4.91,4.94,5.01
6/22/2010,4.76,4.79,4.84,4.91
6/23/2010,4.8,4.85,4.9,4.97
6/24/2010,4.75,4.79,4.83,4.91
6/25/2010,4.86,4.91,4.94,5.01
6/28/2010,4.72,4.73,4.77,4.85
6/29/2010,4.55,4.59,4.67,4.94
6/30/2010,4.62,4.65,4.73,4.98
7/1/2010,4.85,4.88,4.94,5.16
7/2/2010,4.69,4.72,4.8,5.04
7/6/2010,4.68,4.7,4.77,5.04
7/7/2010,4.57,4.59,4.67,4.98
7/8/2010,4.4,4.42,4.51,4.84
7/9/2010,4.4,4.42,4.5,4.84
7/12/2010,4.39,4.4,4.48,4.82
7/13/2010,4.35,4.36,4.43,4.73
7/14/2010,4.31,4.32,4.39,4.68
7/15/2010,4.59,4.59,4.65,4.89
7/16/2010,4.52,4.52,4.58,4.83
7/19/2010,4.51,4.51,4.56,4.8
7/20/2010,4.59,4.58,4.62,4.85
7/21/2010,4.51,4.5,4.55,4.8
7/22/2010,4.64,4.63,4.67,4.91
7/23/2010,4.58,4.56,4.6,4.84
7/26/2010,4.61,4.58,4.62,4.85
7/27/2010,4.68,4.65,4.68,4.9
7/28/2010,4.77,4.72,4.74,4.92
7/29/2010,4.83,4.85,5.01,5.21
7/30/2010,4.92,4.93,5.07,5.26
8/2/2010,4.7,4.72,4.91,5.15
8/3/2010,4.64,4.67,4.85,5.11
8/4/2010,4.74,4.76,4.91,5.15
8/5/2010,4.6,4.62,4.8,5.05
8/6/2010,4.47,4.49,4.73,5
8/9/2010,4.31,4.33,4.6,4.89
8/10/2010,4.3,4.3,4.56,4.82
8/11/2010,4.33,4.33,4.55,4.78
8/12/2010,4.3,4.32,4.57,4.85
8/13/2010,4.33,4.35,4.59,4.87
8/16/2010,4.23,4.25,4.46,4.73
8/17/2010,4.27,4.28,4.47,4.73
8/18/2010,4.24,4.27,4.47,4.73
8/19/2010,4.17,4.21,4.4,4.66
8/20/2010,4.12,4.14,4.34,4.61
8/23/2010,4.07,4.08,4.28,4.54
8/24/2010,4.04,4.06,4.25,4.49
8/25/2010,3.87,3.9,4.13,4.41
8/26/2010,3.82,3.84,4.09,4.4
8/27/2010,3.65,3.71,4,4.33
8/30/2010,3.81,4.12,4.45,4.61
8/31/2010,3.82,4.15,4.49,4.65
9/1/2010,3.76,4.06,4.42,4.58
9/2/2010,3.75,4.03,4.36,4.54
9/3/2010,3.94,4.17,4.47,4.65
9/7/2010,3.85,4.1,4.39,4.57
9/8/2010,3.81,4.07,4.35,4.53
9/9/2010,3.77,4.03,4.33,4.52
9/10/2010,3.88,4.13,4.43,4.61
9/13/2010,3.94,4.17,4.46,4.64
9/14/2010,3.97,4.17,4.42,4.6
9/15/2010,4,4.19,4.42,4.59
9/16/2010,4.06,4.24,4.45,4.61
9/17/2010,4.02,4.2,4.42,4.57
9/20/2010,3.82,4.01,4.24,4.42
9/21/2010,3.92,4.07,4.29,4.46
9/22/2010,3.97,4.1,4.32,4.49
9/23/2010,4.02,4.16,4.37,4.54
9/24/2010,3.88,4.01,4.26,4.44
9/27/2010,3.8,3.92,4.14,4.31
9/28/2010,3.84,3.95,4.17,4.34
9/29/2010,3.96,4.18,4.34,4.35
9/30/2010,3.87,4.12,4.29,4.31
10/1/2010,3.8,4.08,4.26,4.28
10/4/2010,3.73,4.05,4.25,4.28
10/5/2010,3.74,4.07,4.27,4.31
10/6/2010,3.87,4.19,4.37,4.4
10/7/2010,3.62,3.99,4.23,4.26
10/8/2010,3.65,4.05,4.29,4.33
10/11/2010,3.6,4.01,4.29,4.33
10/12/2010,3.63,3.99,4.26,4.3
10/13/2010,3.7,4.04,4.28,4.32
10/14/2010,3.66,4.02,4.24,4.28
10/15/2010,3.54,3.93,4.17,4.2
10/18/2010,3.43,3.87,4.13,4.17
10/19/2010,3.51,3.9,4.13,4.17
10/20/2010,3.54,3.89,4.14,4.18
10/21/2010,3.37,3.75,4.02,4.06
10/22/2010,3.33,3.69,3.95,3.98
10/25/2010,3.32,3.67,3.93,3.96
10/26/2010,3.35,3.77,4.02,4.06
10/27/2010,3.29,3.76,4.03,4.06
10/28/2010,3.89,4.13,4.16,4.12
10/29/2010,4.04,4.27,4.28,4.22
11/1/2010,3.83,4.09,4.11,4.07
11/2/2010,3.87,4.12,4.14,4.11
11/3/2010,3.84,4.09,4.11,4.08
11/4/2010,3.86,4.11,4.12,4.09
11/5/2010,3.94,4.18,4.18,4.15
11/8/2010,4.09,4.28,4.29,4.25
11/9/2010,4.21,4.37,4.37,4.33
11/10/2010,4.05,4.24,4.25,4.22
11/11/2010,3.93,4.11,4.13,4.11
11/12/2010,3.8,3.98,4,3.98
11/15/2010,3.845,4.028,4.039,4.02
11/16/2010,3.818,3.994,4.001,3.981
11/17/2010,4.03,4.19,4.187,4.16
11/18/2010,4.007,4.183,4.189,4.161
11/19/2010,4.164,4.324,4.32,4.278
11/22/2010,4.271,4.432,4.435,4.389
11/23/2010,4.264,4.415,4.421,4.376
11/24/2010,4.267,4.388,4.394,4.353
11/26/2010,4.399,4.412,4.374,4.332
11/29/2010,4.21,4.234,4.204,4.173
11/30/2010,4.18,4.199,4.169,4.142
12/1/2010,4.269,4.279,4.243,4.209
12/2/2010,4.343,4.35,4.312,4.28
12/3/2010,4.349,4.359,4.324,4.297
12/6/2010,4.488,4.488,4.446,4.403
12/7/2010,4.393,4.401,4.376,4.343
12/8/2010,4.606,4.604,4.57,4.521
12/9/2010,4.435,4.44,4.413,4.379
12/10/2010,4.417,4.428,4.409,4.375
12/13/2010,4.42,4.434,4.415,4.381
12/14/2010,4.255,4.284,4.268,4.242
12/15/2010,4.222,4.251,4.235,4.216
12/16/2010,4.048,4.084,4.077,4.071
12/17/2010,4.066,4.103,4.1,4.094
12/20/2010,4.237,4.264,4.26,4.249
12/21/2010,4.059,4.084,4.096,4.097
12/22/2010,4.152,4.188,4.196,4.191
12/23/2010,4.083,4.133,4.149,4.152
12/27/2010,4.112,4.155,4.167,4.168
12/28/2010,4.216,4.288,4.287,4.271
12/29/2010,4.287,4.298,4.29,4.322
12/30/2010,4.338,4.352,4.337,4.366
12/31/2010,4.405,4.422,4.401,4.434
1/3/2011,4.65,4.614,4.574,4.604
1/4/2011,4.669,4.632,4.588,4.618
1/5/2011,4.473,4.441,4.406,4.44
1/6/2011,4.434,4.404,4.375,4.41
1/7/2011,4.422,4.402,4.39,4.43
1/10/2011,4.399,4.389,4.379,4.419
1/11/2011,4.481,4.476,4.47,4.508
1/12/2011,4.531,4.526,4.522,4.562
1/13/2011,4.407,4.419,4.42,4.463
1/14/2011,4.48,4.49,4.484,4.525
1/18/2011,4.425,4.446,4.45,4.492
1/19/2011,4.561,4.576,4.57,4.604
1/20/2011,4.695,4.692,4.677,4.707
1/21/2011,4.736,4.743,4.72,4.753
1/24/2011,4.58,4.598,4.595,4.633
1/25/2011,4.473,4.49,4.5,4.54
1/26/2011,4.491,4.501,4.508,4.547
1/27/2011,4.316,4.319,4.336,4.384
1/28/2011,4.323,4.34,4.384,4.425
1/31/2011,4.42,4.431,4.47,4.513
2/1/2011,4.347,4.366,4.409,4.457
2/2/2011,4.429,4.445,4.485,4.539
2/3/2011,4.337,4.357,4.405,4.461
2/4/2011,4.31,4.342,4.399,4.456
2/7/2011,4.104,4.14,4.204,4.267
2/8/2011,4.04,4.072,4.139,4.203
2/9/2011,4.044,4.083,4.149,4.214
2/10/2011,3.986,4.037,4.11,4.175
2/11/2011,3.91,3.977,4.052,4.121
2/14/2011,3.925,3.991,4.056,4.119
2/15/2011,3.976,4.03,4.097,4.153
2/16/2011,3.921,3.961,4.03,4.088
2/17/2011,3.868,3.901,3.968,4.03
2/18/2011,3.876,3.906,3.976,4.037
2/22/2011,3.867,3.907,3.976,4.038
2/23/2011,3.9,3.936,4.005,4.068
2/24/2011,3.793,3.872,3.94,4.007
2/25/2011,4.005,4.073,4.133,4.193
2/28/2011,4.037,4.11,4.173,4.235
3/1/2011,3.873,3.95,4.015,4.084
3/2/2011,3.818,3.894,3.961,4.037
3/3/2011,3.778,3.859,3.932,4.011
3/4/2011,3.809,3.887,3.957,4.036
3/7/2011,3.927,3.984,4.042,4.113
3/8/2011,3.864,3.924,3.986,4.062
3/9/2011,3.93,3.986,4.046,4.121
3/10/2011,3.83,3.892,3.955,4.03
3/11/2011,3.889,3.945,4.007,4.082
3/14/2011,3.914,3.976,4.04,4.116
3/15/2011,3.941,4.012,4.08,4.159
3/16/2011,3.938,4.01,4.079,4.157
3/17/2011,4.158,4.234,4.299,4.369
3/18/2011,4.168,4.246,4.316,4.388
3/21/2011,4.161,4.241,4.313,4.383
3/22/2011,4.254,4.331,4.396,4.463
3/23/2011,4.335,4.412,4.477,4.543
3/24/2011,4.244,4.327,4.397,4.467
3/25/2011,4.403,4.49,4.563,4.636
3/28/2011,4.374,4.448,4.52,4.594
3/29/2011,4.24,4.263,4.335,4.411
3/30/2011,4.355,4.426,4.502,4.535
3/31/2011,4.389,4.458,4.533,4.566
4/1/2011,4.362,4.437,4.515,4.554
4/4/2011,4.289,4.363,4.441,4.486
4/5/2011,4.231,4.304,4.384,4.433
4/6/2011,4.146,4.22,4.302,4.352
4/7/2011,4.057,4.126,4.209,4.259
4/8/2011,4.041,4.107,4.192,4.243
4/11/2011,4.108,4.176,4.26,4.309
4/12/2011,4.098,4.168,4.253,4.304
4/13/2011,4.141,4.206,4.283,4.333
4/14/2011,4.212,4.269,4.342,4.389
4/15/2011,4.204,4.264,4.338,4.387
4/18/2011,4.138,4.19,4.262,4.309
4/19/2011,4.262,4.31,4.382,4.426
4/20/2011,4.31,4.357,4.429,4.476
4/21/2011,4.412,4.466,4.535,4.581
4/25/2011,4.389,4.452,4.522,4.566
4/26/2011,4.387,4.444,4.512,4.558
4/27/2011,4.377,4.408,4.476,4.522
4/28/2011,4.571,4.633,4.677,4.689
4/29/2011,4.698,4.761,4.802,4.809
5/2/2011,4.693,4.763,4.807,4.819
5/3/2011,4.67,4.738,4.783,4.801
5/4/2011,4.577,4.644,4.687,4.706
5/5/2011,4.261,4.331,4.376,4.396
5/6/2011,4.235,4.297,4.342,4.364
5/9/2011,4.154,4.216,4.261,4.285
5/10/2011,4.246,4.303,4.345,4.366
5/11/2011,4.181,4.241,4.284,4.308
5/12/2011,4.194,4.256,4.3,4.325
5/13/2011,4.246,4.311,4.354,4.379
5/16/2011,4.318,4.379,4.423,4.448
5/17/2011,4.182,4.246,4.294,4.321
5/18/2011,4.198,4.266,4.316,4.344
5/19/2011,4.094,4.161,4.214,4.244
5/20/2011,4.23,4.29,4.34,4.367
5/23/2011,4.346,4.393,4.438,4.465
5/24/2011,4.345,4.391,4.437,4.464
5/25/2011,4.379,4.423,4.469,4.496
5/26/2011,4.326,4.36,4.405,4.429
5/27/2011,4.518,4.557,4.577,4.614
5/31/2011,4.666,4.7,4.71,4.744
6/1/2011,4.629,4.667,4.681,4.717
6/2/2011,4.794,4.821,4.822,4.848
6/3/2011,4.707,4.739,4.745,4.774
6/6/2011,4.827,4.857,4.869,4.893
6/7/2011,4.831,4.858,4.877,4.905
6/8/2011,4.847,4.874,4.893,4.919
6/9/2011,4.674,4.704,4.726,4.754
6/10/2011,4.757,4.789,4.812,4.836
6/13/2011,4.646,4.678,4.701,4.729
6/14/2011,4.581,4.613,4.635,4.668
6/15/2011,4.577,4.611,4.635,4.67
6/16/2011,4.412,4.45,4.476,4.513
6/17/2011,4.325,4.36,4.386,4.424
6/20/2011,4.317,4.352,4.38,4.421
6/21/2011,4.388,4.423,4.448,4.489
6/22/2011,4.317,4.35,4.375,4.418
6/23/2011,4.193,4.217,4.243,4.287
6/24/2011,4.229,4.25,4.275,4.319
6/27/2011,4.256,4.264,4.286,4.329
6/28/2011,4.357,4.354,4.373,4.412
6/29/2011,4.315,4.334,4.373,4.493
6/30/2011,4.374,4.393,4.432,4.553
7/1/2011,4.311,4.33,4.372,4.501
7/5/2011,4.363,4.371,4.409,4.541
7/6/2011,4.217,4.222,4.26,4.411
7/7/2011,4.133,4.138,4.168,4.324
7/8/2011,4.205,4.204,4.231,4.385
7/11/2011,4.288,4.277,4.302,4.447
7/12/2011,4.333,4.312,4.335,4.473
7/13/2011,4.403,4.387,4.411,4.54
7/14/2011,4.378,4.358,4.378,4.501
7/15/2011,4.546,4.52,4.535,4.639
7/18/2011,4.546,4.524,4.54,4.644
7/19/2011,4.533,4.511,4.526,4.63
7/20/2011,4.5,4.469,4.483,4.585
7/21/2011,4.395,4.362,4.377,4.483
7/22/2011,4.399,4.37,4.385,4.493
7/25/2011,4.386,4.355,4.368,4.472
7/26/2011,4.37,4.331,4.347,4.454
7/27/2011,4.37,4.318,4.333,4.446
7/28/2011,4.244,4.257,4.369,4.545
7/29/2011,4.145,4.157,4.272,4.462
8/1/2011,4.188,4.19,4.303,4.505
8/2/2011,4.155,4.156,4.271,4.478
8/3/2011,4.09,4.102,4.222,4.425
8/4/2011,3.941,3.955,4.09,4.297
8/5/2011,3.941,3.962,4.113,4.33
8/8/2011,3.935,3.957,4.115,4.34
8/9/2011,3.994,4.015,4.167,4.388
8/10/2011,4.003,4.024,4.181,4.402
8/11/2011,4.108,4.127,4.279,4.497
8/12/2011,4.06,4.071,4.219,4.441
8/15/2011,4.024,4.039,4.184,4.411
8/16/2011,3.932,3.942,4.09,4.322
8/17/2011,3.933,3.943,4.084,4.313
8/18/2011,3.892,3.899,4.038,4.271
8/19/2011,3.94,3.941,4.075,4.307
8/22/2011,3.889,3.869,3.991,4.225
8/23/2011,3.993,3.968,4.07,4.276
8/24/2011,3.922,3.889,3.996,4.203
8/25/2011,3.931,3.906,4.025,4.244
8/26/2011,3.931,3.912,4.047,4.273
8/29/2011,3.857,3.83,3.955,4.187
8/30/2011,3.909,4.024,4.243,4.355
8/31/2011,4.054,4.173,4.386,4.498
9/1/2011,4.05,4.166,4.381,4.497
9/2/2011,3.872,3.99,4.211,4.334
9/6/2011,3.938,4.043,4.259,4.383
9/7/2011,3.94,4.045,4.251,4.374
9/8/2011,3.98,4.068,4.265,4.379
9/9/2011,3.915,3.998,4.196,4.308
9/12/2011,3.885,3.966,4.172,4.292
9/13/2011,3.98,4.054,4.257,4.374
9/14/2011,4.039,4.117,4.317,4.434
9/15/2011,3.878,3.981,4.195,4.323
9/16/2011,3.809,3.922,4.155,4.29
9/19/2011,3.829,3.932,4.172,4.311
9/20/2011,3.798,3.885,4.142,4.286
9/21/2011,3.73,3.82,4.099,4.252
9/22/2011,3.705,3.782,4.045,4.183
9/23/2011,3.701,3.766,4.021,4.159
9/26/2011,3.782,3.845,4.097,4.239
9/27/2011,3.827,3.875,4.104,4.242
9/28/2011,3.759,3.799,4.041,4.185
9/29/2011,3.747,4.015,4.162,4.181
9/30/2011,3.666,3.962,4.123,4.142
10/3/2011,3.617,3.928,4.089,4.108
10/4/2011,3.638,3.944,4.114,4.133
10/5/2011,3.57,3.884,4.058,4.079
10/6/2011,3.598,3.916,4.091,4.113
10/7/2011,3.481,3.82,4,4.022
10/10/2011,3.541,3.836,4.006,4.028
10/11/2011,3.616,3.859,4.008,4.028
10/12/2011,3.489,3.791,3.95,3.97
10/13/2011,3.531,3.814,3.971,3.989
10/14/2011,3.703,3.96,4.1,4.111
10/17/2011,3.688,3.903,4.037,4.052
10/18/2011,3.553,3.788,3.927,3.946
10/19/2011,3.586,3.813,3.95,3.97
10/20/2011,3.63,3.834,3.964,3.978
10/21/2011,3.629,3.826,3.95,3.963
10/24/2011,3.604,3.794,3.92,3.935
10/25/2011,3.658,3.852,3.977,3.992
10/26/2011,3.59,3.775,3.911,3.928
10/27/2011,3.524,3.764,3.896,3.911
10/28/2011,3.923,4.042,4.053,4.02
10/31/2011,3.934,4.056,4.065,4.034
11/1/2011,3.781,3.92,3.93,3.903
11/2/2011,3.749,3.882,3.893,3.867
11/3/2011,3.778,3.901,3.909,3.882
11/4/2011,3.783,3.892,3.9,3.874
11/7/2011,3.696,3.803,3.816,3.792
11/8/2011,3.745,3.843,3.859,3.832
11/9/2011,3.652,3.749,3.767,3.74
11/10/2011,3.649,3.747,3.764,3.736
11/11/2011,3.584,3.696,3.714,3.69
11/14/2011,3.458,3.6,3.618,3.604
11/15/2011,3.404,3.542,3.558,3.545
11/16/2011,3.344,3.483,3.502,3.489
11/17/2011,3.41,3.546,3.562,3.547
11/18/2011,3.316,3.496,3.512,3.501
11/21/2011,3.399,3.558,3.573,3.567
11/22/2011,3.415,3.561,3.578,3.571
11/23/2011,3.46,3.608,3.632,3.628
11/25/2011,3.542,3.665,3.693,3.693
11/28/2011,3.364,3.525,3.555,3.56
11/29/2011,3.633,3.653,3.653,3.681
11/30/2011,3.55,3.578,3.581,3.616
12/1/2011,3.648,3.675,3.68,3.71
12/2/2011,3.584,3.613,3.621,3.66
12/5/2011,3.461,3.49,3.5,3.542
12/6/2011,3.487,3.523,3.533,3.577
12/7/2011,3.421,3.458,3.47,3.518
12/8/2011,3.457,3.486,3.493,3.536
12/9/2011,3.317,3.353,3.367,3.411
12/12/2011,3.254,3.294,3.31,3.354
12/13/2011,3.279,3.321,3.343,3.392
12/14/2011,3.136,3.187,3.223,3.279
12/15/2011,3.127,3.177,3.208,3.266
12/16/2011,3.127,3.174,3.204,3.263
12/19/2011,3.096,3.143,3.177,3.236
12/20/2011,3.128,3.17,3.208,3.271
12/21/2011,3.155,3.198,3.239,3.302
12/22/2011,3.169,3.206,3.241,3.302
12/23/2011,3.114,3.147,3.184,3.249
12/27/2011,3.112,3.15,3.18,3.244
12/28/2011,3.084,3.121,3.148,3.208
12/29/2011,3.027,3.055,3.12,3.17
12/30/2011,2.989,3.016,3.079,3.131
1/3/2012,2.993,3.022,3.084,3.138
1/4/2012,3.096,3.127,3.185,3.238
1/5/2012,2.98,3.017,3.082,3.138
1/6/2012,3.062,3.098,3.154,3.208
1/9/2012,3.011,3.05,3.115,3.172
1/10/2012,2.941,2.97,3.042,3.103
1/11/2012,2.774,2.803,2.883,2.949
1/12/2012,2.697,2.737,2.827,2.896
1/13/2012,2.67,2.713,2.797,2.867
1/17/2012,2.488,2.528,2.617,2.69
1/18/2012,2.472,2.516,2.614,2.687
1/19/2012,2.322,2.363,2.484,2.562
1/20/2012,2.343,2.392,2.525,2.612
1/23/2012,2.525,2.58,2.719,2.812
1/24/2012,2.554,2.601,2.754,2.848
1/25/2012,2.729,2.769,2.875,2.956
1/26/2012,2.605,2.654,2.772,2.852
1/27/2012,2.678,2.756,2.869,2.948
1/30/2012,2.713,2.816,2.898,2.962
1/31/2012,2.503,2.638,2.738,2.808
2/1/2012,2.382,2.535,2.638,2.714
2/2/2012,2.554,2.715,2.819,2.9
2/3/2012,2.499,2.677,2.789,2.879
2/6/2012,2.55,2.738,2.858,2.952
2/7/2012,2.472,2.628,2.744,2.832
2/8/2012,2.448,2.598,2.716,2.805
2/9/2012,2.477,2.636,2.763,2.858
2/10/2012,2.477,2.656,2.792,2.89
2/13/2012,2.431,2.62,2.751,2.847
2/14/2012,2.532,2.7,2.812,2.901
2/15/2012,2.425,2.616,2.738,2.834
2/16/2012,2.567,2.713,2.818,2.904
2/17/2012,2.684,2.824,2.926,3.01
2/21/2012,2.626,2.773,2.88,2.967
2/22/2012,2.643,2.775,2.882,2.975
2/23/2012,2.621,2.761,2.866,2.959
2/24/2012,2.55,2.695,2.808,2.902
2/27/2012,2.446,2.603,2.712,2.802
2/28/2012,2.519,2.627,2.711,2.779
2/29/2012,2.616,2.71,2.786,2.852
3/1/2012,2.463,2.579,2.669,2.744
3/2/2012,2.484,2.6,2.692,2.773
3/5/2012,2.355,2.472,2.57,2.657
3/6/2012,2.356,2.462,2.554,2.636
3/7/2012,2.302,2.4,2.49,2.574
3/8/2012,2.272,2.372,2.465,2.558
3/9/2012,2.324,2.425,2.522,2.617
3/12/2012,2.269,2.373,2.473,2.568
3/13/2012,2.299,2.408,2.507,2.602
3/14/2012,2.284,2.416,2.533,2.629
3/15/2012,2.279,2.42,2.537,2.635
3/16/2012,2.326,2.436,2.543,2.642
3/19/2012,2.351,2.466,2.571,2.674
3/20/2012,2.335,2.432,2.535,2.638
3/21/2012,2.36,2.454,2.553,2.656
3/22/2012,2.269,2.372,2.477,2.583
3/23/2012,2.275,2.373,2.481,2.586
3/26/2012,2.226,2.319,2.437,2.551
3/27/2012,2.208,2.294,2.414,2.536
3/28/2012,2.191,2.282,2.401,2.522
3/29/2012,2.149,2.27,2.39,2.459
3/30/2012,2.126,2.259,2.389,2.461
4/2/2012,2.152,2.29,2.432,2.511
4/3/2012,2.187,2.318,2.457,2.536
4/4/2012,2.141,2.267,2.406,2.485
4/5/2012,2.089,2.201,2.326,2.406
4/9/2012,2.107,2.223,2.355,2.435
4/10/2012,2.031,2.152,2.292,2.374
4/11/2012,1.984,2.105,2.247,2.334
4/12/2012,1.983,2.092,2.218,2.306
4/13/2012,1.981,2.084,2.202,2.287
4/16/2012,2.016,2.108,2.222,2.305
4/17/2012,1.951,2.048,2.168,2.254
4/18/2012,1.951,2.042,2.159,2.241
4/19/2012,1.907,1.995,2.113,2.192
4/20/2012,1.927,2.015,2.134,2.211
4/23/2012,2.007,2.096,2.203,2.27
4/24/2012,1.975,2.063,2.174,2.247
4/25/2012,2.068,2.17,2.286,2.356
4/26/2012,2.036,2.126,2.242,2.321
4/27/2012,2.186,2.299,2.375,2.422
4/30/2012,2.285,2.394,2.462,2.509
5/1/2012,2.371,2.468,2.532,2.576
5/2/2012,2.253,2.354,2.426,2.475
5/3/2012,2.34,2.43,2.495,2.543
5/4/2012,2.279,2.371,2.439,2.49
5/7/2012,2.336,2.422,2.488,2.538
5/8/2012,2.393,2.475,2.537,2.585
5/9/2012,2.465,2.55,2.61,2.654
5/10/2012,2.487,2.569,2.628,2.667
5/11/2012,2.509,2.589,2.641,2.672
5/14/2012,2.431,2.505,2.562,2.597
5/15/2012,2.5,2.568,2.624,2.659
5/16/2012,2.618,2.687,2.744,2.778
5/17/2012,2.594,2.673,2.73,2.765
5/18/2012,2.742,2.822,2.866,2.896
5/21/2012,2.609,2.689,2.734,2.766
5/22/2012,2.707,2.776,2.817,2.849
5/23/2012,2.737,2.796,2.836,2.869
5/24/2012,2.647,2.709,2.754,2.79
5/25/2012,2.568,2.627,2.678,2.718
5/29/2012,2.429,2.485,2.54,2.584
5/30/2012,2.418,2.471,2.512,2.585
5/31/2012,2.422,2.481,2.531,2.612
6/1/2012,2.326,2.387,2.437,2.527
6/4/2012,2.415,2.467,2.512,2.601
6/5/2012,2.446,2.496,2.54,2.628
6/6/2012,2.421,2.474,2.521,2.613
6/7/2012,2.274,2.327,2.377,2.477
6/8/2012,2.299,2.344,2.386,2.493
6/11/2012,2.218,2.263,2.307,2.413
6/12/2012,2.232,2.287,2.333,2.435
6/13/2012,2.185,2.236,2.281,2.382
6/14/2012,2.495,2.541,2.579,2.667
6/15/2012,2.467,2.514,2.551,2.635
6/18/2012,2.635,2.668,2.699,2.775
6/19/2012,2.545,2.574,2.604,2.686
6/20/2012,2.517,2.555,2.584,2.673
6/21/2012,2.582,2.618,2.645,2.728
6/22/2012,2.625,2.668,2.695,2.778
6/25/2012,2.694,2.734,2.752,2.821
6/26/2012,2.767,2.807,2.821,2.886
6/27/2012,2.774,2.798,2.809,2.869
6/28/2012,2.722,2.734,2.792,3.023
6/29/2012,2.824,2.833,2.877,3.091
7/2/2012,2.824,2.832,2.877,3.1
7/3/2012,2.899,2.911,2.955,3.177
7/5/2012,2.945,2.95,2.99,3.209
7/6/2012,2.776,2.786,2.825,3.051
7/9/2012,2.883,2.876,2.908,3.127
7/10/2012,2.737,2.728,2.764,3.01
7/11/2012,2.853,2.837,2.866,3.094
7/12/2012,2.874,2.869,2.894,3.112
7/13/2012,2.874,2.869,2.894,3.113
7/16/2012,2.801,2.793,2.82,3.04
7/17/2012,2.796,2.786,2.819,3.039
7/18/2012,2.973,2.95,2.97,3.156
7/19/2012,2.999,2.981,2.995,3.146
7/20/2012,3.081,3.076,3.083,3.219
7/23/2012,3.117,3.111,3.116,3.233
7/24/2012,3.187,3.177,3.18,3.299
7/25/2012,3.07,3.052,3.064,3.217
7/26/2012,3.105,3.09,3.106,3.262
7/27/2012,3.01,3.015,3.039,3.208
7/30/2012,3.214,3.222,3.37,3.602
7/31/2012,3.209,3.212,3.348,3.579
8/1/2012,3.171,3.171,3.297,3.54
8/2/2012,2.92,2.926,3.066,3.323
8/3/2012,2.877,2.885,3.022,3.277
8/6/2012,2.908,2.918,3.063,3.323
8/7/2012,2.964,2.982,3.15,3.409
8/8/2012,2.933,2.961,3.157,3.425
8/9/2012,2.945,2.97,3.156,3.42
8/10/2012,2.77,2.808,3.027,3.311
8/13/2012,2.729,2.768,2.988,3.276
8/14/2012,2.834,2.871,3.066,3.343
8/15/2012,2.748,2.787,2.981,3.272
8/16/2012,2.724,2.767,2.949,3.237
8/17/2012,2.719,2.764,2.945,3.235
8/20/2012,2.776,2.815,2.998,3.285
8/21/2012,2.775,2.809,2.982,3.256
8/22/2012,2.826,2.863,3.03,3.296
8/23/2012,2.802,2.839,3.021,3.291
8/24/2012,2.702,2.734,2.929,3.214
8/27/2012,2.653,2.673,2.865,3.144
8/28/2012,2.614,2.633,2.811,3.077
8/29/2012,2.634,2.685,2.867,3.137
8/30/2012,2.748,2.919,3.186,3.325
8/31/2012,2.799,2.963,3.22,3.357
9/4/2012,2.854,3,3.241,3.379
9/5/2012,2.795,2.937,3.18,3.324
9/6/2012,2.776,2.91,3.151,3.293
9/7/2012,2.682,2.833,3.079,3.225
9/10/2012,2.812,2.941,3.181,3.325
9/11/2012,2.992,3.104,3.324,3.45
9/12/2012,3.063,3.191,3.41,3.538
9/13/2012,3.037,3.164,3.385,3.514
9/14/2012,2.943,3.083,3.323,3.456
9/17/2012,2.865,3.015,3.273,3.417
9/18/2012,2.773,2.961,3.243,3.393
9/19/2012,2.762,2.945,3.235,3.388
9/20/2012,2.797,2.962,3.25,3.402
9/21/2012,2.885,3.071,3.356,3.509
9/24/2012,2.837,3.033,3.325,3.484
9/25/2012,2.924,3.105,3.382,3.538
9/26/2012,3.023,3.215,3.488,3.638
9/27/2012,3.297,3.575,3.723,3.738
9/28/2012,3.32,3.615,3.767,3.78
10/1/2012,3.48,3.752,3.891,3.899
10/2/2012,3.531,3.769,3.899,3.907
10/3/2012,3.395,3.663,3.806,3.815
10/4/2012,3.406,3.68,3.824,3.835
10/5/2012,3.396,3.682,3.832,3.848
10/8/2012,3.403,3.697,3.849,3.867
10/9/2012,3.467,3.768,3.915,3.932
10/10/2012,3.475,3.783,3.923,3.937
10/11/2012,3.604,3.9,4.03,4.04
10/12/2012,3.611,3.877,3.995,4.001
10/15/2012,3.486,3.774,3.896,3.908
10/16/2012,3.437,3.767,3.894,3.91
10/17/2012,3.47,3.82,3.956,3.971
10/18/2012,3.587,3.904,4.028,4.036
10/19/2012,3.617,3.947,4.069,4.073
10/22/2012,3.452,3.768,3.901,3.913
10/23/2012,3.535,3.861,3.983,3.989
10/24/2012,3.45,3.776,3.9,3.91
10/25/2012,3.434,3.781,3.91,3.922
10/26/2012,3.4,3.724,3.855,3.867
10/29/2012,3.471,3.803,3.932,3.935
10/30/2012,3.691,3.824,3.83,3.8
10/31/2012,3.692,3.82,3.827,3.794
11/1/2012,3.699,3.818,3.825,3.798
11/2/2012,3.554,3.68,3.687,3.663
11/5/2012,3.554,3.678,3.683,3.659
11/6/2012,3.617,3.748,3.754,3.729
11/7/2012,3.578,3.714,3.72,3.695
11/8/2012,3.608,3.737,3.745,3.719
11/9/2012,3.503,3.634,3.647,3.622
11/12/2012,3.57,3.695,3.705,3.681
11/13/2012,3.739,3.857,3.863,3.837
11/14/2012,3.76,3.879,3.89,3.864
11/15/2012,3.703,3.821,3.834,3.807
11/16/2012,3.79,3.904,3.913,3.88
11/19/2012,3.719,3.837,3.852,3.823
11/20/2012,3.832,3.944,3.954,3.921
11/21/2012,3.903,4.02,4.032,3.996
11/23/2012,3.901,4.034,4.043,4.008
11/26/2012,3.73,3.868,3.883,3.862
11/27/2012,3.769,3.892,3.906,3.885
11/28/2012,3.696,3.801,3.816,3.794
11/29/2012,3.648,3.668,3.647,3.641
11/30/2012,3.561,3.584,3.573,3.57
12/3/2012,3.591,3.615,3.603,3.601
12/4/2012,3.539,3.562,3.553,3.555
12/5/2012,3.7,3.72,3.707,3.705
12/6/2012,3.666,3.687,3.677,3.681
12/7/2012,3.551,3.578,3.577,3.592
12/10/2012,3.46,3.487,3.493,3.515
12/11/2012,3.412,3.441,3.452,3.471
12/12/2012,3.382,3.412,3.426,3.444
12/13/2012,3.347,3.389,3.407,3.438
12/14/2012,3.314,3.358,3.38,3.42
12/17/2012,3.358,3.398,3.416,3.444
12/18/2012,3.418,3.455,3.469,3.499
12/19/2012,3.32,3.366,3.387,3.427
12/20/2012,3.462,3.495,3.517,3.55
12/21/2012,3.451,3.482,3.501,3.535
12/24/2012,3.346,3.378,3.403,3.446
12/26/2012,3.392,3.425,3.44,3.474
12/27/2012,3.354,3.412,3.426,3.458
12/28/2012,3.469,3.482,3.513,3.559
12/31/2012,3.351,3.365,3.403,3.453
1/2/2013,3.233,3.255,3.294,3.349
1/3/2013,3.198,3.214,3.25,3.306
1/4/2013,3.287,3.303,3.337,3.393
1/7/2013,3.266,3.281,3.318,3.374
1/8/2013,3.218,3.234,3.275,3.33
1/9/2013,3.113,3.131,3.182,3.241
1/10/2013,3.193,3.208,3.257,3.315
1/11/2013,3.327,3.336,3.371,3.425
1/14/2013,3.373,3.378,3.412,3.464
1/15/2013,3.455,3.453,3.478,3.522
1/16/2013,3.435,3.437,3.466,3.513
1/17/2013,3.494,3.495,3.523,3.571
1/18/2013,3.566,3.565,3.59,3.636
1/22/2013,3.558,3.558,3.583,3.634
1/23/2013,3.554,3.553,3.581,3.637
1/24/2013,3.446,3.454,3.49,3.549
1/25/2013,3.444,3.463,3.503,3.561
1/28/2013,3.289,3.305,3.354,3.414
1/29/2013,3.226,3.258,3.309,3.371
1/30/2013,3.335,3.385,3.445,3.506
1/31/2013,3.339,3.392,3.452,3.515
2/1/2013,3.301,3.353,3.415,3.478
2/4/2013,3.315,3.369,3.433,3.499
2/5/2013,3.399,3.45,3.513,3.576
2/6/2013,3.418,3.464,3.521,3.582
2/7/2013,3.285,3.345,3.411,3.474
2/8/2013,3.272,3.337,3.408,3.471
2/11/2013,3.279,3.346,3.416,3.478
2/12/2013,3.23,3.296,3.364,3.422
2/13/2013,3.306,3.371,3.437,3.493
2/14/2013,3.163,3.231,3.301,3.363
2/15/2013,3.153,3.218,3.286,3.346
2/19/2013,3.272,3.331,3.395,3.447
2/20/2013,3.279,3.331,3.392,3.445
2/21/2013,3.246,3.298,3.36,3.415
2/22/2013,3.291,3.349,3.406,3.461
2/25/2013,3.414,3.47,3.522,3.573
2/26/2013,3.427,3.456,3.504,3.554
2/27/2013,3.434,3.481,3.53,3.583
2/28/2013,3.486,3.531,3.579,3.634
3/1/2013,3.456,3.504,3.555,3.612
3/4/2013,3.529,3.572,3.618,3.672
3/5/2013,3.529,3.575,3.621,3.676
3/6/2013,3.47,3.519,3.568,3.624
3/7/2013,3.582,3.627,3.673,3.724
3/8/2013,3.629,3.673,3.718,3.77
3/11/2013,3.649,3.689,3.734,3.787
3/12/2013,3.645,3.684,3.726,3.778
3/13/2013,3.68,3.718,3.759,3.809
3/14/2013,3.812,3.848,3.887,3.933
3/15/2013,3.872,3.909,3.952,3.995
3/18/2013,3.882,3.914,3.956,4.001
3/19/2013,3.969,3.995,4.031,4.074
3/20/2013,3.96,3.985,4.02,4.059
3/21/2013,3.935,3.961,3.998,4.038
3/22/2013,3.927,3.952,3.993,4.038
3/25/2013,3.865,3.888,3.93,3.977
3/26/2013,3.976,3.991,4.031,4.076
3/27/2013,4.068,4.108,4.154,4.167
3/28/2013,4.024,4.066,4.113,4.13
4/1/2013,4.015,4.061,4.11,4.13
4/2/2013,3.969,4.019,4.07,4.092
4/3/2013,3.9,3.95,4.001,4.023
4/4/2013,3.947,3.99,4.041,4.062
4/5/2013,4.125,4.16,4.206,4.224
4/8/2013,4.082,4.118,4.167,4.187
4/9/2013,4.017,4.057,4.107,4.128
4/10/2013,4.085,4.127,4.174,4.191
4/11/2013,4.139,4.179,4.225,4.248
4/12/2013,4.222,4.261,4.308,4.333
4/15/2013,4.137,4.168,4.214,4.243
4/16/2013,4.16,4.188,4.23,4.256
4/17/2013,4.214,4.243,4.288,4.316
4/18/2013,4.401,4.432,4.473,4.492
4/19/2013,4.408,4.437,4.479,4.5
4/22/2013,4.267,4.298,4.338,4.36
4/23/2013,4.238,4.278,4.322,4.344
4/24/2013,4.166,4.203,4.246,4.266
4/25/2013,4.167,4.2,4.242,4.264
4/26/2013,4.152,4.223,4.268,4.29
4/29/2013,4.392,4.441,4.466,4.459
4/30/2013,4.343,4.394,4.42,4.414
5/1/2013,4.326,4.379,4.407,4.402
5/2/2013,4.025,4.077,4.105,4.103
5/3/2013,4.041,4.093,4.12,4.117
5/6/2013,4.011,4.064,4.093,4.09
5/7/2013,3.92,3.974,4.003,4.003
5/8/2013,3.978,4.03,4.057,4.059
5/9/2013,3.983,4.033,4.058,4.06
5/10/2013,3.91,3.96,3.983,3.982
5/13/2013,3.925,3.971,3.993,3.992
5/14/2013,4.024,4.068,4.087,4.084
5/15/2013,4.07,4.113,4.133,4.13
5/16/2013,3.932,3.982,4.005,4.003
5/17/2013,4.055,4.103,4.125,4.124
5/20/2013,4.09,4.141,4.164,4.164
5/21/2013,4.192,4.239,4.259,4.256
5/22/2013,4.186,4.233,4.253,4.249
5/23/2013,4.261,4.307,4.322,4.311
5/24/2013,4.237,4.284,4.303,4.294
5/28/2013,4.174,4.224,4.243,4.236
5/29/2013,4.148,4.184,4.203,4.195
5/30/2013,4.023,4.043,4.037,4.052
5/31/2013,3.984,4.003,3.997,4.01
6/3/2013,3.991,4.009,4,4.012
6/4/2013,3.998,4.015,4.008,4.021
6/5/2013,4.001,4.015,4.01,4.023
6/6/2013,3.827,3.843,3.841,3.856
6/7/2013,3.828,3.848,3.851,3.866
6/10/2013,3.8,3.821,3.825,3.84
6/11/2013,3.724,3.743,3.746,3.762
6/12/2013,3.777,3.797,3.799,3.816
6/13/2013,3.814,3.837,3.84,3.855
6/14/2013,3.733,3.759,3.761,3.776
6/17/2013,3.875,3.897,3.896,3.908
6/18/2013,3.905,3.927,3.924,3.934
6/19/2013,3.963,3.985,3.979,3.988
6/20/2013,3.877,3.899,3.897,3.908
6/21/2013,3.771,3.793,3.789,3.804
6/24/2013,3.739,3.76,3.757,3.772
6/25/2013,3.647,3.67,3.668,3.684
6/26/2013,3.707,3.737,3.734,3.748
6/27/2013,3.582,3.577,3.593,3.669
6/28/2013,3.565,3.559,3.572,3.646
7/1/2013,3.577,3.573,3.587,3.661
7/2/2013,3.654,3.651,3.666,3.738
7/3/2013,3.69,3.689,3.703,3.774
7/5/2013,3.617,3.618,3.634,3.706
7/8/2013,3.741,3.74,3.753,3.822
7/9/2013,3.657,3.658,3.674,3.748
7/10/2013,3.68,3.682,3.697,3.77
7/11/2013,3.613,3.614,3.629,3.705
7/12/2013,3.644,3.644,3.658,3.737
7/15/2013,3.674,3.672,3.684,3.761
7/16/2013,3.677,3.676,3.689,3.763
7/17/2013,3.629,3.63,3.643,3.72
7/18/2013,3.812,3.81,3.819,3.884
7/19/2013,3.789,3.788,3.796,3.863
7/22/2013,3.677,3.679,3.691,3.761
7/23/2013,3.743,3.748,3.76,3.83
7/24/2013,3.698,3.703,3.717,3.787
7/25/2013,3.644,3.647,3.664,3.742
7/26/2013,3.555,3.563,3.582,3.664
7/29/2013,3.459,3.472,3.494,3.586
7/30/2013,3.432,3.454,3.555,3.733
7/31/2013,3.446,3.471,3.573,3.752
8/1/2013,3.387,3.415,3.524,3.707
8/2/2013,3.347,3.375,3.482,3.668
8/5/2013,3.319,3.346,3.454,3.643
8/6/2013,3.318,3.343,3.45,3.636
8/7/2013,3.247,3.272,3.392,3.578
8/8/2013,3.297,3.321,3.442,3.624
8/9/2013,3.23,3.257,3.389,3.574
8/12/2013,3.31,3.335,3.467,3.648
8/13/2013,3.285,3.312,3.44,3.623
8/14/2013,3.342,3.365,3.487,3.669
8/15/2013,3.419,3.443,3.562,3.742
8/16/2013,3.368,3.393,3.513,3.697
8/19/2013,3.463,3.487,3.608,3.788
8/20/2013,3.444,3.473,3.601,3.78
8/21/2013,3.46,3.491,3.618,3.795
8/22/2013,3.545,3.575,3.696,3.87
8/23/2013,3.485,3.521,3.643,3.814
8/26/2013,3.513,3.553,3.668,3.835
8/27/2013,3.534,3.573,3.686,3.851
8/28/2013,3.567,3.582,3.69,3.851
8/29/2013,3.618,3.72,3.874,3.958
8/30/2013,3.581,3.684,3.841,3.926
9/3/2013,3.666,3.76,3.905,3.985
9/4/2013,3.683,3.767,3.915,3.994
9/5/2013,3.575,3.666,3.83,3.912
9/6/2013,3.53,3.617,3.781,3.866
9/9/2013,3.605,3.681,3.838,3.921
9/10/2013,3.584,3.662,3.821,3.907
9/11/2013,3.567,3.643,3.798,3.883
9/12/2013,3.638,3.712,3.857,3.943
9/13/2013,3.677,3.755,3.902,3.989
9/16/2013,3.738,3.814,3.958,4.041
9/17/2013,3.745,3.822,3.97,4.054
9/18/2013,3.713,3.787,3.944,4.033
9/19/2013,3.72,3.795,3.96,4.05
9/20/2013,3.687,3.763,3.932,4.024
9/23/2013,3.602,3.677,3.847,3.941
9/24/2013,3.492,3.559,3.734,3.831
9/25/2013,3.493,3.546,3.719,3.817
9/26/2013,3.498,3.567,3.751,3.853
9/27/2013,3.589,3.769,3.872,3.878
9/30/2013,3.56,3.729,3.831,3.837
10/1/2013,3.609,3.765,3.862,3.868
10/2/2013,3.542,3.702,3.803,3.81
10/3/2013,3.499,3.664,3.772,3.779
10/4/2013,3.506,3.674,3.785,3.791
10/7/2013,3.629,3.788,3.898,3.902
10/8/2013,3.716,3.869,3.969,3.973
10/9/2013,3.679,3.839,3.943,3.947
10/10/2013,3.723,3.877,3.976,3.98
10/11/2013,3.776,3.929,4.023,4.026
10/14/2013,3.82,3.966,4.059,4.064
10/15/2013,3.79,3.935,4.027,4.032
10/16/2013,3.769,3.905,3.994,3.998
10/17/2013,3.757,3.886,3.974,3.979
10/18/2013,3.764,3.897,3.985,3.992
10/21/2013,3.668,3.793,3.884,3.893
10/22/2013,3.581,3.706,3.798,3.808
10/23/2013,3.619,3.733,3.818,3.824
10/24/2013,3.629,3.743,3.825,3.832
10/25/2013,3.707,3.812,3.886,3.891
10/28/2013,3.569,3.661,3.739,3.748
10/29/2013,3.496,3.629,3.714,3.724
10/30/2013,3.62,3.711,3.723,3.708
10/31/2013,3.581,3.663,3.672,3.658
11/1/2013,3.513,3.591,3.598,3.587
11/4/2013,3.445,3.524,3.533,3.523
11/5/2013,3.466,3.551,3.567,3.558
11/6/2013,3.498,3.566,3.58,3.572
11/7/2013,3.519,3.575,3.584,3.574
11/8/2013,3.559,3.616,3.624,3.615
11/11/2013,3.574,3.623,3.629,3.621
11/12/2013,3.617,3.666,3.671,3.662
11/13/2013,3.566,3.618,3.621,3.614
11/14/2013,3.605,3.655,3.66,3.65
11/15/2013,3.66,3.708,3.713,3.703
11/18/2013,3.617,3.667,3.671,3.664
11/19/2013,3.556,3.605,3.612,3.607
11/20/2013,3.674,3.713,3.716,3.71
11/21/2013,3.702,3.74,3.742,3.735
11/22/2013,3.768,3.811,3.811,3.801
11/25/2013,3.789,3.842,3.847,3.84
11/26/2013,3.818,3.864,3.87,3.865
11/27/2013,3.895,3.899,3.891,3.855
11/29/2013,3.954,3.957,3.944,3.902
12/2/2013,3.988,3.984,3.965,3.92
12/3/2013,3.976,3.974,3.955,3.918
12/4/2013,3.96,3.958,3.944,3.912
12/5/2013,4.132,4.114,4.086,4.016
12/6/2013,4.114,4.11,4.096,4.036
12/9/2013,4.232,4.225,4.203,4.125
12/10/2013,4.237,4.231,4.204,4.128
12/11/2013,4.337,4.331,4.296,4.163
12/12/2013,4.409,4.401,4.363,4.17
12/13/2013,4.351,4.35,4.32,4.138
12/16/2013,4.279,4.286,4.264,4.14
12/17/2013,4.287,4.304,4.286,4.145
12/18/2013,4.251,4.274,4.259,4.115
12/19/2013,4.46,4.489,4.473,4.214
12/20/2013,4.418,4.467,4.453,4.175
12/23/2013,4.463,4.519,4.5,4.192
12/24/2013,4.416,4.469,4.442,4.172
12/26/2013,4.433,4.476,4.441,4.22
12/27/2013,4.407,4.368,4.336,4.178
12/30/2013,4.427,4.382,4.241,4.222
12/31/2013,4.23,4.193,4.105,4.095
1/2/2014,4.321,4.296,4.183,4.171
1/3/2014,4.304,4.282,4.168,4.156
1/6/2014,4.306,4.284,4.178,4.166
1/7/2014,4.299,4.267,4.149,4.138
1/8/2014,4.216,4.175,4.057,4.044
1/9/2014,4.005,3.982,3.897,3.888
1/10/2014,4.053,4.021,3.905,3.894
1/13/2014,4.274,4.224,4.056,4.035
1/14/2014,4.369,4.315,4.114,4.091
1/15/2014,4.325,4.278,4.085,4.064
1/16/2014,4.382,4.324,4.112,4.092
1/17/2014,4.326,4.259,4.081,4.068
1/20/2014,4.326,4.259,4.081,4.068
1/21/2014,4.431,4.358,4.179,4.166
1/22/2014,4.689,4.55,4.268,4.245
1/23/2014,4.73,4.579,4.29,4.257
1/24/2014,5.182,4.998,4.421,4.326
1/27/2014,4.847,4.674,4.286,4.234
1/28/2014,5.033,4.941,4.401,4.321
1/29/2014,5.557,5.465,4.561,4.452
1/30/2014,5.011,4.358,4.284,4.302
1/31/2014,4.943,4.454,4.379,4.396
2/3/2014,4.905,4.507,4.45,4.469
2/4/2014,5.375,4.665,4.579,4.59
2/5/2014,5.03,4.546,4.485,4.5
2/6/2014,4.931,4.562,4.516,4.533
2/7/2014,4.775,4.516,4.49,4.512
2/10/2014,4.579,4.406,4.395,4.421
2/11/2014,4.824,4.57,4.541,4.562
2/12/2014,4.822,4.553,4.533,4.553
2/13/2014,5.223,4.632,4.591,4.61
2/14/2014,5.214,4.577,4.526,4.548
2/18/2014,5.551,4.753,4.662,4.675
2/19/2014,6.149,4.95,4.754,4.762
2/20/2014,6.064,4.856,4.669,4.679
2/21/2014,6.135,5.012,4.766,4.773
2/24/2014,5.445,4.62,4.518,4.544
2/25/2014,5.096,4.691,4.565,4.583
2/26/2014,4.855,4.541,4.464,4.484
2/27/2014,4.511,4.474,4.495,4.529
2/28/2014,4.609,4.55,4.568,4.599
3/3/2014,4.492,4.455,4.478,4.513
3/4/2014,4.667,4.583,4.6,4.634
3/5/2014,4.523,4.484,4.505,4.539
3/6/2014,4.662,4.603,4.622,4.653
3/7/2014,4.618,4.567,4.589,4.622
3/10/2014,4.651,4.576,4.601,4.636
3/11/2014,4.605,4.544,4.567,4.602
3/12/2014,4.49,4.441,4.47,4.508
3/13/2014,4.383,4.355,4.384,4.424
3/14/2014,4.425,4.403,4.433,4.473
3/17/2014,4.536,4.492,4.519,4.554
3/18/2014,4.456,4.424,4.454,4.492
3/19/2014,4.484,4.458,4.488,4.526
3/20/2014,4.369,4.349,4.38,4.418
3/21/2014,4.313,4.297,4.329,4.367
3/24/2014,4.276,4.272,4.305,4.343
3/25/2014,4.411,4.414,4.443,4.479
3/26/2014,4.402,4.395,4.424,4.461
3/27/2014,4.584,4.538,4.565,4.6
3/28/2014,4.485,4.519,4.558,4.556
3/31/2014,4.371,4.404,4.444,4.442
4/1/2014,4.276,4.309,4.348,4.348
4/2/2014,4.364,4.396,4.435,4.435
4/3/2014,4.47,4.499,4.538,4.537
4/4/2014,4.439,4.467,4.506,4.505
4/7/2014,4.476,4.502,4.54,4.538
4/8/2014,4.534,4.55,4.586,4.583
4/9/2014,4.586,4.593,4.624,4.619
4/10/2014,4.655,4.671,4.709,4.704
4/11/2014,4.62,4.635,4.673,4.67
4/14/2014,4.56,4.582,4.62,4.619
4/15/2014,4.567,4.587,4.625,4.624
4/16/2014,4.53,4.549,4.589,4.589
4/17/2014,4.741,4.754,4.78,4.771
4/21/2014,4.697,4.715,4.742,4.737
4/22/2014,4.739,4.758,4.786,4.782
4/23/2014,4.73,4.747,4.777,4.772
4/24/2014,4.705,4.723,4.755,4.751
4/25/2014,4.647,4.658,4.687,4.683
4/28/2014,4.795,4.799,4.819,4.809
4/29/2014,4.831,4.853,4.846,4.82
4/30/2014,4.815,4.843,4.838,4.813
5/1/2014,4.719,4.75,4.747,4.724
5/2/2014,4.674,4.704,4.701,4.679
5/5/2014,4.688,4.715,4.712,4.689
5/6/2014,4.799,4.818,4.812,4.786
5/7/2014,4.74,4.754,4.749,4.724
5/8/2014,4.572,4.583,4.579,4.553
5/9/2014,4.531,4.54,4.535,4.508
5/12/2014,4.434,4.439,4.436,4.413
5/13/2014,4.358,4.362,4.359,4.335
5/14/2014,4.367,4.371,4.367,4.342
5/15/2014,4.469,4.478,4.47,4.443
5/16/2014,4.413,4.421,4.414,4.388
5/19/2014,4.47,4.473,4.461,4.433
5/20/2014,4.552,4.553,4.538,4.507
5/21/2014,4.473,4.478,4.464,4.432
5/22/2014,4.359,4.357,4.346,4.316
5/23/2014,4.405,4.405,4.393,4.363
5/27/2014,4.505,4.511,4.492,4.459
5/28/2014,4.619,4.615,4.592,4.554
5/29/2014,4.559,4.54,4.505,4.498
5/30/2014,4.542,4.524,4.492,4.487
6/2/2014,4.612,4.598,4.569,4.563
6/3/2014,4.629,4.616,4.589,4.583
6/4/2014,4.64,4.627,4.602,4.596
6/5/2014,4.701,4.686,4.657,4.645
6/6/2014,4.71,4.7,4.676,4.666
6/9/2014,4.645,4.635,4.616,4.611
6/10/2014,4.53,4.523,4.507,4.508
6/11/2014,4.508,4.504,4.492,4.495
6/12/2014,4.762,4.763,4.743,4.736
6/13/2014,4.739,4.748,4.734,4.733
6/16/2014,4.707,4.718,4.705,4.704
6/17/2014,4.709,4.722,4.706,4.702
6/18/2014,4.659,4.675,4.658,4.654
6/20/2014,4.531,4.552,4.539,4.537
6/23/2014,4.446,4.468,4.457,4.459
6/24/2014,4.535,4.556,4.532,4.529
6/25/2014,4.553,4.569,4.546,4.541
6/26/2014,4.4,4.441,4.42,4.416
6/27/2014,4.409,4.389,4.385,4.419
6/30/2014,4.461,4.44,4.434,4.464
7/1/2014,4.455,4.436,4.429,4.461
7/2/2014,4.357,4.348,4.346,4.38
7/3/2014,4.406,4.395,4.392,4.424
7/7/2014,4.225,4.219,4.221,4.259
7/8/2014,4.204,4.194,4.197,4.235
7/9/2014,4.17,4.166,4.172,4.209
7/10/2014,4.12,4.113,4.122,4.163
7/11/2014,4.146,4.136,4.144,4.186
7/14/2014,4.147,4.14,4.148,4.185
7/15/2014,4.097,4.094,4.099,4.139
7/16/2014,4.119,4.116,4.12,4.159
7/17/2014,3.954,3.957,3.966,4.012
7/18/2014,3.951,3.955,3.962,4.009
7/21/2014,3.849,3.862,3.872,3.922
7/22/2014,3.772,3.785,3.797,3.847
7/23/2014,3.762,3.776,3.787,3.839
7/24/2014,3.847,3.85,3.859,3.906
7/25/2014,3.781,3.787,3.797,3.847
7/28/2014,3.747,3.765,3.776,3.824
7/29/2014,3.808,3.824,3.836,3.884
7/30/2014,3.786,3.805,3.858,3.939
7/31/2014,3.841,3.867,3.925,4.005
8/1/2014,3.798,3.822,3.885,3.967
8/4/2014,3.834,3.859,3.926,4.011
8/5/2014,3.897,3.92,3.988,4.078
8/6/2014,3.933,3.957,4.024,4.112
8/7/2014,3.876,3.895,3.962,4.049
8/8/2014,3.962,3.98,4.045,4.129
8/11/2014,3.965,3.988,4.051,4.134
8/12/2014,3.974,4.001,4.067,4.153
8/13/2014,3.831,3.862,3.935,4.031
8/14/2014,3.906,3.93,3.999,4.09
8/15/2014,3.776,3.807,3.879,3.977
8/18/2014,3.792,3.828,3.901,3.999
8/19/2014,3.877,3.908,3.977,4.071
8/20/2014,3.823,3.86,3.933,4.03
8/21/2014,3.889,3.93,4.001,4.102
8/22/2014,3.84,3.883,3.956,4.062
8/25/2014,3.937,3.979,4.049,4.15
8/26/2014,3.911,3.949,4.018,4.119
8/27/2014,3.957,4.003,4.069,4.16
8/28/2014,4.044,4.101,4.186,4.258
8/29/2014,4.065,4.116,4.197,4.266
9/2/2014,3.89,3.938,4.018,4.092
9/3/2014,3.847,3.894,3.976,4.05
9/4/2014,3.819,3.869,3.953,4.027
9/5/2014,3.793,3.847,3.94,4.014
9/8/2014,3.876,3.927,4.015,4.086
9/9/2014,3.984,4.035,4.11,4.173
9/10/2014,3.954,4.005,4.086,4.149
9/11/2014,3.823,3.873,3.959,4.027
9/12/2014,3.857,3.91,3.991,4.059
9/15/2014,3.931,3.997,4.085,4.149
9/16/2014,3.995,4.063,4.157,4.222
9/17/2014,4.013,4.077,4.163,4.229
9/18/2014,3.91,3.975,4.057,4.126
9/19/2014,3.837,3.903,3.992,4.063
9/22/2014,3.85,3.908,3.994,4.068
9/23/2014,3.816,3.869,3.96,4.037
9/24/2014,3.911,3.965,4.05,4.126
9/25/2014,3.971,4.014,4.097,4.169
9/26/2014,3.984,4.029,4.114,4.187
9/29/2014,4.154,4.227,4.292,4.274
9/30/2014,4.121,4.19,4.252,4.236
10/1/2014,4.023,4.089,4.153,4.138
10/2/2014,3.932,4.012,4.081,4.07
10/3/2014,4.039,4.117,4.185,4.17
10/6/2014,3.898,3.987,4.064,4.055
10/7/2014,3.957,4.052,4.134,4.124
10/8/2014,3.855,3.951,4.037,4.027
10/9/2014,3.845,3.937,4.023,4.013
10/10/2014,3.859,3.949,4.035,4.026
10/13/2014,3.916,4.004,4.08,4.072
10/14/2014,3.816,3.9,3.98,3.972
10/15/2014,3.8,3.885,3.967,3.956
10/16/2014,3.796,3.885,3.969,3.963
10/17/2014,3.766,3.863,3.951,3.946
10/20/2014,3.67,3.765,3.851,3.847
10/21/2014,3.711,3.8,3.881,3.876
10/22/2014,3.659,3.745,3.828,3.823
10/23/2014,3.622,3.706,3.791,3.787
10/24/2014,3.623,3.698,3.787,3.782
10/27/2014,3.561,3.637,3.723,3.719
10/28/2014,3.649,3.731,3.814,3.809
10/29/2014,3.728,3.788,3.871,3.866
10/30/2014,3.827,3.906,3.9,3.831
10/31/2014,3.873,3.959,3.95,3.881
11/3/2014,4.046,4.145,4.131,4.062
11/4/2014,4.129,4.226,4.208,4.131
11/5/2014,4.194,4.287,4.253,4.167
11/6/2014,4.404,4.486,4.427,4.316
11/7/2014,4.412,4.507,4.457,4.353
11/10/2014,4.255,4.351,4.305,4.203
11/11/2014,4.247,4.344,4.305,4.194
11/12/2014,4.185,4.284,4.252,4.148
11/13/2014,3.977,4.089,4.067,3.98
11/14/2014,4.02,4.129,4.103,4.015
11/17/2014,4.341,4.444,4.396,4.293
11/18/2014,4.244,4.365,4.333,4.256
11/19/2014,4.371,4.516,4.488,4.397
11/20/2014,4.489,4.649,4.611,4.514
11/21/2014,4.266,4.417,4.387,4.307
11/24/2014,4.151,4.304,4.281,4.214
11/25/2014,4.282,4.403,4.377,4.298
11/26/2014,4.355,4.334,4.264,3.752
11/28/2014,4.088,4.085,4.028,3.654
12/1/2014,4.007,4.009,3.953,3.648
12/2/2014,3.874,3.877,3.831,3.568
12/3/2014,3.805,3.808,3.761,3.514
12/4/2014,3.649,3.661,3.613,3.419
12/5/2014,3.802,3.823,3.774,3.528
12/8/2014,3.595,3.623,3.579,3.401
12/9/2014,3.652,3.681,3.64,3.444
12/10/2014,3.706,3.736,3.695,3.485
12/11/2014,3.634,3.663,3.626,3.441
12/12/2014,3.795,3.816,3.777,3.53
12/15/2014,3.719,3.73,3.697,3.479
12/16/2014,3.619,3.635,3.6,3.405
12/17/2014,3.702,3.724,3.679,3.451
12/18/2014,3.642,3.676,3.627,3.419
12/19/2014,3.464,3.498,3.458,3.284
12/22/2014,3.144,3.18,3.168,3.089
12/23/2014,3.171,3.204,3.196,3.12
12/24/2014,3.03,3.072,3.076,3.026
12/26/2014,3.007,3.033,3.041,2.993
12/29/2014,3.189,3.199,3.192,3.119
12/30/2014,3.094,3.096,3.045,3.051
12/31/2014,2.889,2.896,2.881,2.904
1/2/2015,3.003,2.999,2.946,2.967
1/5/2015,2.882,2.875,2.84,2.86
1/6/2015,2.938,2.924,2.875,2.887
1/7/2015,2.871,2.865,2.835,2.849
1/8/2015,2.927,2.925,2.896,2.911
1/9/2015,2.946,2.947,2.931,2.948
1/12/2015,2.795,2.795,2.788,2.808
1/13/2015,2.943,2.932,2.898,2.916
1/14/2015,3.233,3.208,3.115,3.12
1/15/2015,3.158,3.121,3.036,3.043
1/16/2015,3.127,3.087,3.016,3.024
1/20/2015,2.831,2.82,2.803,2.821
1/21/2015,2.974,2.94,2.906,2.925
1/22/2015,2.835,2.827,2.817,2.845
1/23/2015,2.986,2.958,2.923,2.946
1/26/2015,2.881,2.848,2.836,2.864
1/27/2015,2.981,2.935,2.913,2.938
1/28/2015,2.866,2.842,2.83,2.858
1/29/2015,2.719,2.715,2.746,2.79
1/30/2015,2.691,2.687,2.714,2.755
2/2/2015,2.68,2.681,2.707,2.749
2/3/2015,2.754,2.757,2.781,2.825
2/4/2015,2.662,2.669,2.697,2.748
2/5/2015,2.6,2.614,2.645,2.694
2/6/2015,2.579,2.602,2.645,2.695
2/9/2015,2.597,2.625,2.672,2.724
2/10/2015,2.677,2.704,2.749,2.796
2/11/2015,2.797,2.814,2.849,2.885
2/12/2015,2.713,2.733,2.774,2.819
2/13/2015,2.804,2.812,2.853,2.894
2/17/2015,2.759,2.779,2.819,2.859
2/18/2015,2.831,2.857,2.893,2.93
2/19/2015,2.834,2.875,2.913,2.953
2/20/2015,2.951,2.972,3.003,3.037
2/23/2015,2.879,2.893,2.924,2.959
2/24/2015,2.902,2.889,2.916,2.951
2/25/2015,2.894,2.862,2.889,2.926
2/26/2015,2.697,2.737,2.782,2.834
2/27/2015,2.734,2.771,2.812,2.864
3/2/2015,2.698,2.739,2.78,2.833
3/3/2015,2.712,2.751,2.793,2.847
3/4/2015,2.769,2.806,2.845,2.896
3/5/2015,2.841,2.88,2.917,2.966
3/6/2015,2.839,2.872,2.906,2.957
3/9/2015,2.678,2.713,2.75,2.805
3/10/2015,2.732,2.763,2.8,2.852
3/11/2015,2.824,2.85,2.886,2.932
3/12/2015,2.734,2.765,2.806,2.855
3/13/2015,2.727,2.756,2.8,2.854
3/16/2015,2.716,2.739,2.787,2.843
3/17/2015,2.855,2.872,2.911,2.961
3/18/2015,2.92,2.936,2.974,3.022
3/19/2015,2.813,2.829,2.874,2.929
3/20/2015,2.786,2.803,2.848,2.906
3/23/2015,2.733,2.76,2.807,2.864
3/24/2015,2.786,2.81,2.854,2.909
3/25/2015,2.723,2.74,2.788,2.845
3/26/2015,2.672,2.688,2.736,2.795
3/27/2015,2.59,2.639,2.688,2.748
3/30/2015,2.644,2.694,2.754,2.784
3/31/2015,2.64,2.691,2.751,2.782
4/1/2015,2.605,2.654,2.714,2.747
4/2/2015,2.713,2.762,2.819,2.847
4/6/2015,2.65,2.698,2.757,2.787
4/7/2015,2.68,2.725,2.786,2.815
4/8/2015,2.619,2.666,2.727,2.756
4/9/2015,2.528,2.577,2.638,2.667
4/10/2015,2.511,2.558,2.62,2.644
4/13/2015,2.511,2.548,2.606,2.629
4/14/2015,2.53,2.572,2.631,2.651
4/15/2015,2.61,2.649,2.706,2.725
4/16/2015,2.684,2.726,2.784,2.801
4/17/2015,2.634,2.679,2.739,2.76
4/20/2015,2.536,2.578,2.64,2.667
4/21/2015,2.575,2.62,2.683,2.711
4/22/2015,2.606,2.654,2.717,2.746
4/23/2015,2.531,2.569,2.629,2.66
4/24/2015,2.531,2.568,2.626,2.656
4/27/2015,2.49,2.514,2.569,2.597
4/28/2015,2.517,2.537,2.591,2.617
4/29/2015,2.606,2.659,2.681,2.694
4/30/2015,2.751,2.802,2.82,2.828
5/1/2015,2.776,2.831,2.849,2.856
5/4/2015,2.821,2.878,2.898,2.905
5/5/2015,2.78,2.836,2.859,2.87
5/6/2015,2.776,2.828,2.852,2.863
5/7/2015,2.734,2.785,2.811,2.823
5/8/2015,2.88,2.928,2.948,2.955
5/11/2015,2.802,2.849,2.87,2.876
5/12/2015,2.897,2.945,2.969,2.972
5/13/2015,2.935,2.984,3.007,3.008
5/14/2015,3.008,3.063,3.082,3.077
5/15/2015,3.016,3.07,3.09,3.085
5/18/2015,3.01,3.061,3.083,3.08
5/19/2015,2.948,2.991,3.01,3.013
5/20/2015,2.915,2.959,2.977,2.982
5/21/2015,2.949,2.994,3.012,3.017
5/22/2015,2.887,2.919,2.934,2.939
5/26/2015,2.822,2.849,2.864,2.87
5/27/2015,2.815,2.847,2.865,2.87
5/28/2015,2.706,2.73,2.738,2.778
5/29/2015,2.642,2.665,2.675,2.714
6/1/2015,2.649,2.677,2.689,2.728
6/2/2015,2.698,2.725,2.736,2.773
6/3/2015,2.634,2.663,2.674,2.713
6/4/2015,2.626,2.654,2.666,2.704
6/5/2015,2.59,2.621,2.632,2.671
6/8/2015,2.705,2.737,2.748,2.786
6/9/2015,2.846,2.878,2.889,2.922
6/10/2015,2.891,2.921,2.933,2.961
6/11/2015,2.825,2.855,2.869,2.9
6/12/2015,2.75,2.776,2.792,2.826
6/15/2015,2.889,2.912,2.925,2.954
6/16/2015,2.894,2.918,2.931,2.958
6/17/2015,2.855,2.883,2.895,2.927
6/18/2015,2.777,2.799,2.812,2.848
6/19/2015,2.816,2.84,2.852,2.884
6/22/2015,2.733,2.762,2.776,2.81
6/23/2015,2.726,2.746,2.761,2.796
6/24/2015,2.759,2.782,2.795,2.829
6/25/2015,2.85,2.866,2.878,2.905
6/26/2015,2.773,2.77,2.785,2.814
6/29/2015,2.805,2.819,2.847,2.947
6/30/2015,2.832,2.842,2.869,2.965
7/1/2015,2.783,2.799,2.831,2.932
7/2/2015,2.822,2.837,2.867,2.972
7/6/2015,2.756,2.766,2.797,2.906
7/7/2015,2.716,2.726,2.758,2.871
7/8/2015,2.685,2.697,2.732,2.85
7/9/2015,2.726,2.738,2.773,2.884
7/10/2015,2.77,2.78,2.811,2.919
7/14/2015,2.84,2.839,2.866,2.964
7/15/2015,2.918,2.909,2.931,3.022
7/16/2015,2.854,2.853,2.88,2.978
7/17/2015,2.87,2.874,2.899,2.998
7/20/2015,2.823,2.83,2.858,2.963
7/21/2015,2.882,2.89,2.917,3.025
7/22/2015,2.897,2.908,2.937,3.04
7/23/2015,2.816,2.817,2.847,2.955
7/24/2015,2.776,2.775,2.804,2.913
7/27/2015,2.789,2.788,2.816,2.929
7/28/2015,2.821,2.816,2.845,2.962
7/29/2015,2.886,2.864,2.888,2.999
7/30/2015,2.768,2.797,2.911,3.081
7/31/2015,2.716,2.749,2.868,3.042
8/3/2015,2.748,2.777,2.888,3.054
8/4/2015,2.812,2.841,2.941,3.098
8/5/2015,2.798,2.821,2.914,3.069
8/6/2015,2.813,2.835,2.93,3.081
8/7/2015,2.798,2.822,2.925,3.082
8/10/2015,2.842,2.868,2.972,3.131
8/11/2015,2.844,2.871,2.973,3.128
8/12/2015,2.931,2.956,3.049,3.193
8/13/2015,2.787,2.82,2.924,3.085
8/14/2015,2.801,2.837,2.939,3.098
8/17/2015,2.728,2.767,2.872,3.038
8/18/2015,2.704,2.74,2.839,3
8/19/2015,2.716,2.747,2.836,2.989
8/20/2015,2.755,2.785,2.874,3.026
8/21/2015,2.676,2.697,2.788,2.939
8/24/2015,2.65,2.656,2.74,2.89
8/25/2015,2.685,2.695,2.773,2.914
8/26/2015,2.693,2.703,2.784,2.932
8/27/2015,2.638,2.664,2.745,2.897
8/28/2015,2.715,2.792,2.939,3.048
8/31/2015,2.689,2.761,2.905,3.016
9/1/2015,2.702,2.771,2.907,3.017
9/2/2015,2.648,2.72,2.857,2.969
9/3/2015,2.725,2.796,2.934,3.042
9/4/2015,2.655,2.741,2.897,3.007
9/8/2015,2.71,2.792,2.943,3.049
9/9/2015,2.651,2.736,2.896,3.007
9/10/2015,2.683,2.759,2.914,3.024
9/11/2015,2.693,2.767,2.913,3.022
9/14/2015,2.758,2.828,2.971,3.077
9/15/2015,2.728,2.8,2.951,3.06
9/16/2015,2.66,2.739,2.892,3
9/17/2015,2.652,2.728,2.884,2.992
9/18/2015,2.605,2.676,2.831,2.941
9/21/2015,2.573,2.642,2.798,2.907
9/22/2015,2.577,2.639,2.795,2.905
9/23/2015,2.569,2.638,2.793,2.907
9/24/2015,2.591,2.674,2.841,2.958
9/25/2015,2.564,2.631,2.802,2.918
9/28/2015,2.563,2.67,2.837,2.951
9/29/2015,2.586,2.763,2.884,2.891
9/30/2015,2.524,2.701,2.831,2.842
10/1/2015,2.433,2.631,2.763,2.775
10/2/2015,2.451,2.664,2.798,2.808
10/5/2015,2.45,2.676,2.806,2.816
10/6/2015,2.47,2.673,2.806,2.818
10/7/2015,2.474,2.676,2.813,2.821
10/8/2015,2.498,2.712,2.847,2.855
10/9/2015,2.502,2.718,2.857,2.863
10/13/2015,2.498,2.721,2.861,2.869
10/14/2015,2.518,2.732,2.874,2.881
10/15/2015,2.453,2.686,2.831,2.838
10/16/2015,2.43,2.65,2.799,2.809
10/19/2015,2.442,2.657,2.807,2.818
10/20/2015,2.476,2.671,2.815,2.825
10/21/2015,2.404,2.603,2.75,2.762
10/22/2015,2.386,2.583,2.721,2.733
10/23/2015,2.286,2.493,2.632,2.646
10/26/2015,2.062,2.353,2.515,2.534
10/27/2015,2.092,2.361,2.531,2.551
10/28/2015,2.033,2.298,2.461,2.485
10/29/2015,2.257,2.423,2.445,2.43
10/30/2015,2.321,2.49,2.513,2.502
11/2/2015,2.256,2.448,2.474,2.466
11/3/2015,2.253,2.463,2.487,2.477
11/4/2015,2.262,2.445,2.469,2.46
11/5/2015,2.364,2.539,2.562,2.551
11/6/2015,2.371,2.532,2.557,2.548
11/9/2015,2.3,2.449,2.48,2.479
11/10/2015,2.32,2.484,2.514,2.514
11/12/2015,2.26,2.445,2.493,2.497
11/13/2015,2.361,2.526,2.57,2.567
11/16/2015,2.385,2.554,2.595,2.592
11/17/2015,2.371,2.527,2.573,2.577
11/18/2015,2.347,2.495,2.538,2.544
11/19/2015,2.276,2.412,2.458,2.469
11/20/2015,2.145,2.291,2.338,2.353
11/23/2015,2.21,2.343,2.386,2.405
11/24/2015,2.2,2.324,2.372,2.392
11/25/2015,2.206,2.299,2.349,2.372
11/27/2015,2.212,2.265,2.293,2.318
11/30/2015,2.235,2.29,2.319,2.346
12/1/2015,2.231,2.285,2.314,2.353
12/2/2015,2.165,2.22,2.252,2.306
12/3/2015,2.181,2.232,2.256,2.303
12/4/2015,2.186,2.247,2.273,2.316
12/7/2015,2.067,2.132,2.174,2.237
12/8/2015,2.07,2.127,2.171,2.239
12/9/2015,2.062,2.117,2.162,2.232
12/10/2015,2.015,2.075,2.129,2.208
12/11/2015,1.99,2.05,2.107,2.192
12/14/2015,1.894,1.959,2.018,2.109
12/15/2015,1.822,1.886,1.95,2.051
12/16/2015,1.79,1.866,1.948,2.057
12/17/2015,1.755,1.873,1.972,2.091
12/18/2015,1.767,1.869,1.972,2.097
12/21/2015,1.911,1.987,2.065,2.153
12/22/2015,1.888,1.955,2.034,2.118
12/23/2015,1.983,2.036,2.101,2.158
12/24/2015,2.029,2.079,2.143,2.201
12/28/2015,2.228,2.256,2.301,2.336
12/29/2015,2.372,2.37,2.397,2.411
12/30/2015,2.214,2.255,2.296,2.338
12/31/2015,2.337,2.363,2.387,2.424
1/4/2016,2.334,2.35,2.373,2.41
1/5/2016,2.325,2.346,2.376,2.413
1/6/2016,2.267,2.289,2.344,2.384
1/7/2016,2.382,2.394,2.43,2.466
1/8/2016,2.472,2.471,2.497,2.534
1/11/2016,2.396,2.389,2.425,2.461
1/12/2016,2.257,2.261,2.32,2.37
1/13/2016,2.269,2.29,2.337,2.385
1/14/2016,2.139,2.18,2.244,2.301
1/15/2016,2.1,2.127,2.189,2.252
1/19/2016,2.091,2.108,2.177,2.247
1/20/2016,2.118,2.123,2.197,2.27
1/21/2016,2.138,2.139,2.217,2.283
1/22/2016,2.139,2.141,2.224,2.289
1/25/2016,2.158,2.155,2.241,2.309
1/26/2016,2.18,2.158,2.241,2.303
1/27/2016,2.189,2.157,2.231,2.29
1/28/2016,2.182,2.239,2.287,2.331
1/29/2016,2.298,2.332,2.368,2.405
2/1/2016,2.152,2.226,2.28,2.327
2/2/2016,2.025,2.12,2.181,2.238
2/3/2016,2.038,2.123,2.183,2.238
2/4/2016,1.972,2.062,2.13,2.191
2/5/2016,2.063,2.137,2.202,2.26
2/8/2016,2.14,2.189,2.25,2.301
2/9/2016,2.098,2.149,2.209,2.263
2/10/2016,2.046,2.111,2.174,2.232
2/11/2016,1.994,2.061,2.129,2.196
2/12/2016,1.966,2.03,2.095,2.163
2/16/2016,1.903,1.969,2.035,2.104
2/17/2016,1.942,2.011,2.076,2.144
2/18/2016,1.852,1.927,2.004,2.077
2/19/2016,1.804,1.867,1.945,2.018
2/22/2016,1.821,1.862,1.934,2.007
2/23/2016,1.782,1.829,1.903,1.975
2/24/2016,1.778,1.834,1.909,1.982
2/25/2016,1.711,1.785,1.867,1.944
2/26/2016,1.791,1.873,1.951,2.028
2/29/2016,1.711,1.808,1.896,1.985
3/1/2016,1.742,1.848,1.939,2.024
3/2/2016,1.678,1.8,1.903,1.992
3/3/2016,1.639,1.767,1.88,1.975
3/4/2016,1.666,1.787,1.9,1.996
3/7/2016,1.69,1.789,1.892,1.986
3/8/2016,1.712,1.803,1.906,2.001
3/9/2016,1.752,1.846,1.946,2.041
3/10/2016,1.788,1.883,1.989,2.086
3/11/2016,1.822,1.915,2.023,2.121
3/14/2016,1.819,1.914,2.024,2.122
3/15/2016,1.851,1.945,2.057,2.155
3/16/2016,1.868,1.955,2.065,2.165
3/17/2016,1.936,2.011,2.11,2.206
3/18/2016,1.907,1.989,2.085,2.183
3/21/2016,1.828,1.904,1.999,2.1
3/22/2016,1.863,1.937,2.035,2.137
3/23/2016,1.794,1.868,1.974,2.081
3/24/2016,1.806,1.882,1.989,2.099
3/28/2016,1.848,1.936,2.048,2.159
3/29/2016,1.903,1.981,2.097,2.211
3/30/2016,1.996,2.11,2.224,2.283
3/31/2016,1.959,2.054,2.153,2.212
4/1/2016,1.956,2.052,2.155,2.214
4/4/2016,1.998,2.09,2.185,2.241
4/5/2016,1.954,2.05,2.15,2.208
4/6/2016,1.911,2.004,2.109,2.168
4/7/2016,2.018,2.101,2.194,2.249
4/8/2016,1.99,2.077,2.175,2.234
4/11/2016,1.912,2.001,2.104,2.168
4/12/2016,2.004,2.083,2.178,2.238
4/13/2016,2.036,2.119,2.212,2.271
4/14/2016,1.97,2.063,2.165,2.229
4/15/2016,1.902,1.997,2.105,2.174
4/18/2016,1.94,2.045,2.154,2.224
4/19/2016,2.088,2.188,2.288,2.348
4/20/2016,2.069,2.18,2.281,2.34
4/21/2016,2.068,2.208,2.323,2.387
4/22/2016,2.14,2.267,2.383,2.449
4/25/2016,2.063,2.187,2.311,2.381
4/26/2016,2.032,2.159,2.294,2.37
4/27/2016,1.995,2.153,2.305,2.393
4/28/2016,2.078,2.253,2.358,2.404
4/29/2016,2.178,2.322,2.412,2.457
5/2/2016,2.042,2.218,2.321,2.37
5/3/2016,2.086,2.254,2.35,2.397
5/4/2016,2.141,2.296,2.381,2.423
5/5/2016,2.076,2.238,2.325,2.372
5/6/2016,2.101,2.243,2.323,2.366
5/9/2016,2.098,2.229,2.304,2.342
5/10/2016,2.158,2.285,2.355,2.388
5/11/2016,2.173,2.301,2.374,2.407
5/12/2016,2.155,2.299,2.378,2.412
5/13/2016,2.096,2.244,2.325,2.365
5/16/2016,2.029,2.177,2.254,2.296
5/17/2016,2.048,2.185,2.253,2.293
5/18/2016,2.001,2.131,2.205,2.245
5/19/2016,2.039,2.195,2.278,2.323
5/20/2016,2.062,2.207,2.284,2.329
5/23/2016,2.055,2.199,2.274,2.321
5/24/2016,1.98,2.146,2.232,2.285
5/25/2016,1.992,2.181,2.281,2.339
5/26/2016,1.963,2.151,2.261,2.325
5/27/2016,2.169,2.281,2.345,2.452
5/31/2016,2.288,2.383,2.438,2.529
6/1/2016,2.381,2.453,2.492,2.571
6/3/2016,2.398,2.476,2.517,2.595
6/6/2016,2.466,2.537,2.574,2.645
6/7/2016,2.474,2.557,2.601,2.679
6/8/2016,2.468,2.544,2.589,2.669
6/9/2016,2.617,2.69,2.721,2.791
6/10/2016,2.556,2.624,2.654,2.722
6/13/2016,2.585,2.652,2.682,2.747
6/14/2016,2.604,2.666,2.691,2.743
6/15/2016,2.595,2.652,2.677,2.727
6/16/2016,2.58,2.627,2.652,2.706
6/17/2016,2.623,2.666,2.686,2.742
6/20/2016,2.747,2.777,2.795,2.843
6/21/2016,2.768,2.798,2.813,2.856
6/22/2016,2.677,2.711,2.724,2.773
6/23/2016,2.698,2.737,2.744,2.795
6/24/2016,2.662,2.694,2.702,2.753
6/27/2016,2.716,2.741,2.744,2.788
6/28/2016,2.917,2.89,2.888,2.927
6/29/2016,2.863,2.858,2.895,3.036
6/30/2016,2.924,2.918,2.948,3.085
7/1/2016,2.987,2.981,3.013,3.142
7/5/2016,2.764,2.758,2.802,2.955
7/6/2016,2.786,2.777,2.818,2.971
7/7/2016,2.777,2.764,2.802,2.957
7/8/2016,2.801,2.788,2.827,2.99
7/11/2016,2.702,2.684,2.735,2.919
7/12/2016,2.734,2.7,2.747,2.929
7/13/2016,2.737,2.707,2.751,2.931
7/14/2016,2.727,2.707,2.749,2.933
7/15/2016,2.756,2.728,2.773,2.953
7/18/2016,2.722,2.692,2.738,2.924
7/19/2016,2.728,2.689,2.73,2.909
7/20/2016,2.658,2.621,2.663,2.845
7/21/2016,2.692,2.659,2.698,2.872
7/22/2016,2.777,2.743,2.782,2.952
7/25/2016,2.747,2.712,2.756,2.935
7/26/2016,2.712,2.677,2.722,2.909
7/27/2016,2.672,2.66,2.709,2.897
7/28/2016,2.873,2.909,3.059,3.287
7/29/2016,2.876,2.917,3.076,3.32
8/1/2016,2.771,2.818,2.98,3.239
8/2/2016,2.733,2.783,2.943,3.199
8/3/2016,2.839,2.881,3.034,3.276
8/4/2016,2.834,2.877,3.022,3.267
8/5/2016,2.772,2.809,2.965,3.217
8/8/2016,2.748,2.779,2.943,3.191
8/9/2016,2.615,2.659,2.844,3.098
8/10/2016,2.561,2.616,2.801,3.059
8/11/2016,2.551,2.607,2.792,3.051
8/12/2016,2.586,2.626,2.804,3.064
8/15/2016,2.59,2.629,2.811,3.073
8/16/2016,2.617,2.657,2.833,3.092
8/17/2016,2.619,2.659,2.832,3.083
8/18/2016,2.674,2.712,2.873,3.11
8/19/2016,2.584,2.619,2.781,3.022
8/22/2016,2.679,2.701,2.838,3.046
8/23/2016,2.761,2.794,2.924,3.128
8/24/2016,2.796,2.835,2.967,3.174
8/25/2016,2.846,2.885,3.01,3.212
8/26/2016,2.871,2.913,3.03,3.228
8/29/2016,2.853,2.896,3.011,3.214
8/30/2016,2.827,2.949,3.157,3.278
8/31/2016,2.887,3.003,3.203,3.326
9/1/2016,2.792,2.908,3.113,3.242
9/2/2016,2.792,2.898,3.101,3.226
9/6/2016,2.717,2.842,3.059,3.187
9/7/2016,2.676,2.811,3.046,3.175
9/8/2016,2.806,2.917,3.144,3.266
9/9/2016,2.797,2.89,3.119,3.243
9/12/2016,2.915,2.986,3.179,3.298
9/13/2016,2.909,2.989,3.176,3.296
9/14/2016,2.889,2.969,3.173,3.299
9/15/2016,2.927,3.002,3.191,3.311
9/16/2016,2.948,3.021,3.211,3.333
9/19/2016,2.934,3.005,3.197,3.322
9/20/2016,3.047,3.109,3.291,3.41
9/21/2016,3.057,3.132,3.321,3.441
9/22/2016,2.99,3.061,3.268,3.392
9/23/2016,2.955,3.013,3.22,3.341
9/26/2016,2.997,3.055,3.25,3.371
9/27/2016,2.996,3.05,3.242,3.368
9/28/2016,2.952,3.002,3.199,3.327
9/29/2016,2.959,3.161,3.292,3.298
9/30/2016,2.906,3.132,3.268,3.275
10/3/2016,2.923,3.17,3.306,3.314
10/4/2016,2.964,3.183,3.317,3.324
10/5/2016,3.041,3.26,3.391,3.398
10/6/2016,3.049,3.282,3.41,3.417
10/7/2016,3.193,3.391,3.519,3.52
10/11/2016,3.237,3.429,3.556,3.556
10/12/2016,3.21,3.41,3.538,3.543
10/13/2016,3.341,3.532,3.654,3.654
10/14/2016,3.285,3.503,3.628,3.632
10/17/2016,3.244,3.481,3.615,3.621
10/18/2016,3.263,3.505,3.639,3.645
10/19/2016,3.17,3.434,3.57,3.578
10/20/2016,3.141,3.434,3.569,3.577
10/21/2016,2.993,3.361,3.504,3.511
10/24/2016,2.831,3.319,3.465,3.477
10/25/2016,2.774,3.149,3.316,3.331
10/26/2016,2.731,3.036,3.187,3.198
10/27/2016,2.764,3.068,3.237,3.25
10/28/2016,3.105,3.263,3.284,3.255
10/31/2016,3.026,3.195,3.223,3.199
11/1/2016,2.902,3.078,3.106,3.089
11/2/2016,2.792,2.978,3.004,2.992
11/3/2016,2.769,2.949,2.98,2.969
11/4/2016,2.767,2.937,2.967,2.955
11/7/2016,2.816,2.978,3.011,3
11/8/2016,2.633,2.81,2.854,2.854
11/9/2016,2.69,2.859,2.898,2.897
11/10/2016,2.632,2.811,2.858,2.86
11/14/2016,2.749,2.937,2.974,2.967
11/15/2016,2.709,2.885,2.931,2.934
11/16/2016,2.764,2.92,2.96,2.961
11/17/2016,2.703,2.875,2.921,2.928
11/18/2016,2.843,2.98,3.017,3.014
11/21/2016,2.95,3.077,3.111,3.106
11/22/2016,2.982,3.1,3.124,3.111
11/23/2016,3.026,3.147,3.176,3.166
11/28/2016,3.232,3.32,3.346,3.328
11/29/2016,3.315,3.341,3.319,3.233
11/30/2016,3.352,3.359,3.328,3.23
12/1/2016,3.505,3.509,3.462,3.319
12/2/2016,3.436,3.44,3.407,3.292
12/5/2016,3.654,3.641,3.598,3.428
12/6/2016,3.635,3.626,3.58,3.404
12/7/2016,3.603,3.589,3.55,3.379
12/8/2016,3.695,3.676,3.631,3.434
12/9/2016,3.746,3.741,3.691,3.453
12/12/2016,3.507,3.51,3.486,3.359
12/13/2016,3.474,3.475,3.456,3.351
12/14/2016,3.54,3.558,3.536,3.417
12/16/2016,3.415,3.449,3.436,3.355
12/19/2016,3.392,3.431,3.423,3.361
12/20/2016,3.263,3.297,3.284,3.216
12/21/2016,3.542,3.567,3.527,3.407
12/22/2016,3.538,3.563,3.533,3.422
12/23/2016,3.662,3.678,3.632,3.497
12/27/2016,3.761,3.766,3.708,3.561
12/28/2016,3.93,3.898,3.825,3.648
12/29/2016,3.802,3.754,3.605,3.572
12/30/2016,3.724,3.684,3.566,3.543
1/3/2017,3.327,3.317,3.281,3.279
1/4/2017,3.267,3.249,3.211,3.209
1/5/2017,3.273,3.268,3.226,3.222
1/6/2017,3.285,3.288,3.256,3.261
1/9/2017,3.103,3.113,3.106,3.114
1/10/2017,3.278,3.275,3.259,3.258
1/11/2017,3.224,3.217,3.212,3.214
1/12/2017,3.386,3.367,3.352,3.348
1/13/2017,3.419,3.396,3.384,3.381
1/17/2017,3.412,3.405,3.41,3.416
1/18/2017,3.302,3.294,3.309,3.321
1/19/2017,3.368,3.36,3.371,3.385
1/20/2017,3.204,3.211,3.226,3.239
1/23/2017,3.243,3.257,3.281,3.299
1/24/2017,3.279,3.295,3.317,3.336
1/25/2017,3.332,3.346,3.366,3.385
1/26/2017,3.382,3.397,3.41,3.427
1/27/2017,3.391,3.358,3.38,3.403
1/30/2017,3.232,3.271,3.305,3.351
1/31/2017,3.117,3.165,3.208,3.259
2/1/2017,3.168,3.214,3.254,3.298
2/2/2017,3.187,3.245,3.29,3.343
2/3/2017,3.063,3.116,3.159,3.209
2/6/2017,3.05,3.117,3.169,3.224
2/7/2017,3.13,3.192,3.246,3.299
2/8/2017,3.126,3.196,3.255,3.311
2/9/2017,3.141,3.209,3.272,3.33
2/10/2017,3.034,3.117,3.189,3.254
2/13/2017,2.944,3.032,3.108,3.175
2/14/2017,2.905,3.005,3.084,3.153
2/15/2017,2.925,3.037,3.113,3.177
2/16/2017,2.854,2.971,3.042,3.107
2/17/2017,2.834,2.951,3.02,3.082
2/21/2017,2.564,2.691,2.785,2.868
2/22/2017,2.592,2.701,2.78,2.858
2/23/2017,2.617,2.749,2.822,2.894
2/24/2017,2.627,2.787,2.868,2.94
2/27/2017,2.693,2.779,2.857,2.926
2/28/2017,2.774,2.87,2.953,3.027
3/1/2017,2.799,2.909,2.999,3.08
3/2/2017,2.804,2.914,3.009,3.094
3/3/2017,2.827,2.939,3.028,3.105
3/6/2017,2.901,2.984,3.056,3.119
3/7/2017,2.824,2.921,3.008,3.081
3/8/2017,2.901,2.981,3.058,3.122
3/9/2017,2.974,3.046,3.118,3.182
3/10/2017,3.008,3.074,3.142,3.204
3/13/2017,3.043,3.107,3.171,3.231
3/14/2017,2.938,2.993,3.06,3.121
3/15/2017,2.981,3.04,3.1,3.16
3/16/2017,2.902,2.967,3.037,3.104
3/17/2017,2.948,3.004,3.072,3.138
3/20/2017,3.041,3.098,3.164,3.226
3/21/2017,3.093,3.155,3.219,3.277
3/22/2017,3.011,3.073,3.145,3.21
3/23/2017,3.051,3.131,3.206,3.272
3/24/2017,3.076,3.153,3.228,3.297
3/27/2017,3.052,3.131,3.207,3.274
3/28/2017,3.096,3.177,3.251,3.317
3/29/2017,3.175,3.231,3.299,3.361
3/30/2017,3.191,3.257,3.317,3.336
3/31/2017,3.19,3.254,3.316,3.333
4/3/2017,3.128,3.204,3.273,3.298
4/4/2017,3.293,3.365,3.43,3.451
4/5/2017,3.266,3.344,3.416,3.44
4/6/2017,3.331,3.401,3.47,3.491
4/7/2017,3.261,3.331,3.402,3.425
4/10/2017,3.238,3.309,3.38,3.406
4/11/2017,3.15,3.224,3.296,3.325
4/12/2017,3.187,3.262,3.332,3.362
4/13/2017,3.227,3.307,3.376,3.406
4/17/2017,3.163,3.251,3.327,3.359
4/18/2017,3.145,3.236,3.314,3.347
4/19/2017,3.185,3.276,3.353,3.38
4/20/2017,3.159,3.25,3.329,3.358
4/21/2017,3.101,3.192,3.27,3.3
4/24/2017,3.066,3.16,3.243,3.274
4/25/2017,3.043,3.165,3.25,3.282
4/26/2017,3.142,3.271,3.35,3.381
4/27/2017,3.239,3.32,3.351,3.338
4/28/2017,3.276,3.353,3.38,3.364
5/1/2017,3.215,3.293,3.317,3.299
5/2/2017,3.195,3.274,3.302,3.286
5/3/2017,3.228,3.309,3.337,3.321
5/4/2017,3.186,3.271,3.305,3.293
5/5/2017,3.266,3.35,3.382,3.369
5/8/2017,3.172,3.257,3.291,3.279
5/9/2017,3.227,3.315,3.349,3.333
5/10/2017,3.292,3.38,3.412,3.394
5/11/2017,3.376,3.461,3.49,3.467
5/12/2017,3.424,3.498,3.521,3.498
5/15/2017,3.349,3.429,3.456,3.433
5/16/2017,3.23,3.315,3.349,3.332
5/17/2017,3.192,3.283,3.32,3.306
5/18/2017,3.182,3.28,3.32,3.307
5/19/2017,3.256,3.353,3.39,3.372
5/22/2017,3.33,3.424,3.459,3.436
5/23/2017,3.219,3.312,3.352,3.333
5/24/2017,3.209,3.3,3.342,3.322
5/25/2017,3.184,3.275,3.317,3.299
5/26/2017,3.236,3.31,3.345,3.324
5/30/2017,3.145,3.181,3.167,3.191
5/31/2017,3.071,3.109,3.095,3.12
6/1/2017,3.008,3.047,3.034,3.057
6/2/2017,2.999,3.041,3.03,3.053
6/5/2017,2.982,3.024,3.014,3.036
6/6/2017,3.042,3.076,3.062,3.082
6/7/2017,3.02,3.054,3.045,3.071
6/8/2017,3.028,3.062,3.053,3.079
6/9/2017,3.039,3.071,3.056,3.082
6/12/2017,3.024,3.054,3.038,3.065
6/13/2017,2.966,2.989,2.972,3
6/14/2017,2.933,2.953,2.937,2.962
6/15/2017,3.056,3.078,3.064,3.086
6/16/2017,3.037,3.06,3.047,3.07
6/19/2017,2.894,2.917,2.91,2.935
6/20/2017,2.907,2.93,2.928,2.955
6/21/2017,2.893,2.915,2.914,2.945
6/22/2017,2.894,2.915,2.913,2.945
6/23/2017,2.929,2.951,2.949,2.98
6/26/2017,3.027,3.049,3.043,3.071
6/27/2017,3.037,3.064,3.059,3.088
6/28/2017,3.067,3.094,3.087,3.115
6/29/2017,3.042,3.037,3.065,3.125
6/30/2017,3.035,3.031,3.058,3.118
7/3/2017,2.951,2.953,2.984,3.048
7/5/2017,2.84,2.837,2.865,2.928
7/6/2017,2.888,2.881,2.908,2.967
7/7/2017,2.864,2.857,2.886,2.947
7/10/2017,2.929,2.924,2.955,3.022
7/11/2017,3.047,3.038,3.066,3.132
7/12/2017,2.985,2.975,3.006,3.077
7/13/2017,2.961,2.948,2.981,3.054
7/14/2017,2.98,2.971,3.004,3.08
7/17/2017,3.02,3.007,3.04,3.112
7/18/2017,3.088,3.073,3.104,3.172
7/19/2017,3.066,3.055,3.088,3.159
7/20/2017,3.043,3.033,3.066,3.134
7/21/2017,2.97,2.961,2.998,3.071
7/24/2017,2.899,2.882,2.917,2.998
7/25/2017,2.944,2.931,2.963,3.04
7/26/2017,2.924,2.914,2.952,3.032
7/27/2017,2.969,2.967,3.003,3.082
7/28/2017,2.941,2.981,3.063,3.213
7/31/2017,2.794,2.834,2.92,3.079
8/1/2017,2.819,2.855,2.936,3.093
8/2/2017,2.811,2.851,2.936,3.094
8/3/2017,2.8,2.844,2.933,3.092
8/4/2017,2.774,2.817,2.906,3.065
8/7/2017,2.801,2.84,2.926,3.079
8/8/2017,2.822,2.86,2.941,3.089
8/9/2017,2.883,2.92,2.993,3.137
8/10/2017,2.985,3.017,3.076,3.209
8/11/2017,2.983,3.009,3.068,3.205
8/14/2017,2.959,2.989,3.059,3.197
8/15/2017,2.935,2.965,3.04,3.179
8/16/2017,2.89,2.925,3.005,3.148
8/17/2017,2.929,2.966,3.045,3.186
8/18/2017,2.893,2.93,3.008,3.153
8/21/2017,2.962,2.992,3.06,3.198
8/22/2017,2.939,2.968,3.037,3.177
8/23/2017,2.928,2.96,3.033,3.176
8/24/2017,2.949,2.982,3.053,3.193
8/25/2017,2.892,2.924,2.997,3.14
8/28/2017,2.925,2.961,3.03,3.171
8/29/2017,2.961,2.983,3.053,3.193
8/30/2017,2.939,3.014,3.155,3.252
8/31/2017,3.04,3.102,3.232,3.326
9/1/2017,3.07,3.136,3.27,3.366
9/5/2017,2.972,3.044,3.189,3.287
9/6/2017,3,3.069,3.216,3.315
9/7/2017,2.981,3.053,3.203,3.304
9/8/2017,2.89,2.965,3.123,3.23
9/11/2017,2.95,3.019,3.178,3.289
9/12/2017,3.001,3.067,3.221,3.329
9/13/2017,3.058,3.118,3.266,3.369
9/14/2017,3.07,3.127,3.271,3.371
9/15/2017,3.024,3.085,3.236,3.34
9/18/2017,3.146,3.195,3.337,3.436
9/19/2017,3.122,3.175,3.319,3.419
9/20/2017,3.094,3.149,3.291,3.392
9/21/2017,2.946,3.007,3.163,3.27
9/22/2017,2.959,3.021,3.18,3.289
9/25/2017,2.919,2.988,3.151,3.264
9/26/2017,2.918,3,3.159,3.271
9/27/2017,2.974,3.061,3.218,3.329
9/28/2017,3.017,3.184,3.298,3.304
9/29/2017,3.007,3.181,3.295,3.299
10/2/2017,2.916,3.106,3.234,3.24
10/3/2017,2.895,3.085,3.217,3.222
10/4/2017,2.94,3.122,3.247,3.248
10/5/2017,2.923,3.103,3.23,3.235
10/6/2017,2.863,3.046,3.17,3.179
10/10/2017,2.891,3.071,3.189,3.2
10/11/2017,2.889,3.066,3.181,3.191
10/12/2017,2.989,3.144,3.251,3.259
10/13/2017,3,3.16,3.271,3.279
10/16/2017,2.946,3.108,3.227,3.237
10/17/2017,2.962,3.128,3.248,3.257
10/18/2017,2.854,3.065,3.194,3.203
10/19/2017,2.873,3.086,3.218,3.227
10/20/2017,2.915,3.113,3.241,3.249
10/23/2017,2.991,3.156,3.28,3.284
10/24/2017,2.974,3.135,3.257,3.26
10/25/2017,2.919,3.082,3.203,3.205
10/26/2017,2.89,3.051,3.175,3.178
10/27/2017,2.752,2.964,3.102,3.107
10/30/2017,2.966,3.1,3.103,3.066
10/31/2017,2.896,3.026,3.03,3
11/1/2017,2.893,3.017,3.024,2.992
11/2/2017,2.935,3.051,3.058,3.025
11/3/2017,2.984,3.097,3.102,3.068
11/6/2017,3.134,3.232,3.231,3.189
11/7/2017,3.152,3.251,3.252,3.212
11/8/2017,3.175,3.272,3.275,3.231
11/9/2017,3.2,3.297,3.298,3.253
11/13/2017,3.167,3.262,3.265,3.222
11/14/2017,3.102,3.203,3.205,3.165
11/15/2017,3.08,3.179,3.18,3.14
11/16/2017,3.053,3.153,3.155,3.121
11/17/2017,3.097,3.191,3.19,3.152
11/20/2017,3.047,3.14,3.141,3.107
11/21/2017,3.017,3.11,3.11,3.078
11/22/2017,2.968,3.059,3.064,3.034
11/27/2017,2.928,3.017,3.023,2.99
11/28/2017,3.074,3.128,3.131,3.092
11/29/2017,3.179,3.179,3.137,2.945
11/30/2017,3.025,3.032,2.999,2.867
12/1/2017,3.061,3.063,3.025,2.878
12/4/2017,2.985,2.988,2.955,2.834
12/5/2017,2.914,2.92,2.894,2.797
12/6/2017,2.922,2.924,2.898,2.804
12/7/2017,2.763,2.782,2.761,2.705
12/8/2017,2.772,2.792,2.767,2.698
12/11/2017,2.828,2.847,2.816,2.722
12/12/2017,2.678,2.694,2.67,2.614
12/13/2017,2.715,2.732,2.704,2.631
12/14/2017,2.684,2.704,2.678,2.622
12/15/2017,2.612,2.635,2.61,2.563
12/18/2017,2.745,2.755,2.72,2.634
12/19/2017,2.692,2.697,2.665,2.601
12/20/2017,2.637,2.636,2.604,2.544
12/21/2017,2.598,2.592,2.559,2.51
12/22/2017,2.667,2.658,2.622,2.56
12/26/2017,2.643,2.654,2.631,2.578
12/27/2017,2.738,2.732,2.699,2.635
12/28/2017,2.914,2.878,2.722,2.716
12/29/2017,2.953,2.906,2.749,2.741
1/1/2018,2.953,2.906,2.749,2.741
1/2/2018,3.056,2.973,2.793,2.777
1/3/2018,3.008,2.931,2.777,2.764
1/4/2018,2.88,2.813,2.696,2.692
1/5/2018,2.795,2.745,2.65,2.655
1/8/2018,2.835,2.772,2.676,2.68
1/9/2018,2.923,2.852,2.724,2.723
1/10/2018,2.906,2.822,2.709,2.711
1/11/2018,3.084,2.925,2.77,2.759
1/12/2018,3.2,2.993,2.789,2.773
1/15/2018,3.2,2.993,2.789,2.773
1/16/2018,3.129,2.962,2.781,2.768
1/17/2018,3.232,3.024,2.814,2.8
1/18/2018,3.189,2.988,2.81,2.802
1/19/2018,3.185,2.941,2.787,2.783
1/22/2018,3.224,2.931,2.792,2.789
1/23/2018,3.444,3.039,2.849,2.837
1/24/2018,3.509,3.08,2.876,2.859
1/25/2018,3.447,3.099,2.901,2.88
1/26/2018,3.505,3.175,2.929,2.898
1/29/2018,3.631,3.167,2.939,2.914
1/30/2018,3.195,2.965,2.939,2.966
1/31/2018,2.995,2.86,2.854,2.886
2/1/2018,2.856,2.793,2.796,2.831
2/2/2018,2.846,2.792,2.797,2.832
2/5/2018,2.747,2.726,2.737,2.772
2/6/2018,2.759,2.723,2.735,2.769
2/7/2018,2.702,2.692,2.708,2.743
2/8/2018,2.697,2.685,2.704,2.74
2/9/2018,2.584,2.597,2.627,2.665
2/12/2018,2.552,2.579,2.612,2.651
2/13/2018,2.594,2.623,2.654,2.692
2/14/2018,2.587,2.63,2.658,2.696
2/15/2018,2.58,2.62,2.651,2.689
2/16/2018,2.558,2.598,2.632,2.67
2/19/2018,2.558,2.598,2.632,2.67
2/20/2018,2.616,2.649,2.678,2.714
2/21/2018,2.659,2.681,2.706,2.739
2/22/2018,2.634,2.676,2.704,2.737
2/23/2018,2.625,2.657,2.686,2.719
2/26/2018,2.639,2.686,2.711,2.743
2/27/2018,2.683,2.712,2.746,2.787
2/28/2018,2.667,2.696,2.735,2.779
3/1/2018,2.698,2.729,2.768,2.812
3/2/2018,2.695,2.727,2.767,2.811
3/5/2018,2.704,2.738,2.778,2.823
3/6/2018,2.749,2.778,2.816,2.861
3/7/2018,2.777,2.806,2.847,2.892
3/8/2018,2.756,2.787,2.833,2.881
3/9/2018,2.732,2.759,2.806,2.855
3/12/2018,2.778,2.8,2.846,2.894
3/13/2018,2.786,2.809,2.856,2.905
3/14/2018,2.731,2.759,2.809,2.859
3/15/2018,2.681,2.712,2.765,2.817
3/16/2018,2.688,2.716,2.77,2.823
3/19/2018,2.651,2.678,2.736,2.795
3/20/2018,2.675,2.704,2.76,2.818
3/21/2018,2.638,2.667,2.724,2.784
3/22/2018,2.617,2.656,2.715,2.776
3/23/2018,2.591,2.633,2.692,2.753
3/26/2018,2.618,2.657,2.716,2.777
3/27/2018,2.691,2.714,2.766,2.822
3/28/2018,2.698,2.751,2.808,2.823
3/29/2018,2.733,2.778,2.832,2.847
3/30/2018,2.733,2.778,2.832,2.847
4/2/2018,2.683,2.732,2.787,2.805
4/3/2018,2.697,2.745,2.801,2.819
4/4/2018,2.718,2.766,2.823,2.842
4/5/2018,2.675,2.729,2.791,2.812
4/6/2018,2.701,2.747,2.804,2.825
4/9/2018,2.693,2.731,2.78,2.802
4/10/2018,2.656,2.694,2.747,2.77
4/11/2018,2.675,2.709,2.757,2.779
4/12/2018,2.686,2.717,2.761,2.782
4/13/2018,2.735,2.764,2.805,2.821
4/16/2018,2.752,2.784,2.827,2.845
4/17/2018,2.738,2.77,2.815,2.833
4/18/2018,2.739,2.768,2.814,2.828
4/19/2018,2.66,2.695,2.743,2.76
4/20/2018,2.739,2.767,2.808,2.821
4/23/2018,2.74,2.775,2.812,2.824
4/24/2018,2.781,2.813,2.849,2.857
4/25/2018,2.786,2.807,2.844,2.852
4/26/2018,2.821,2.839,2.873,2.878
4/27/2018,2.771,2.811,2.82,2.805
4/30/2018,2.763,2.8,2.807,2.79
5/1/2018,2.802,2.837,2.841,2.823
5/2/2018,2.754,2.791,2.797,2.781
5/3/2018,2.726,2.759,2.764,2.747
5/4/2018,2.711,2.741,2.746,2.729
5/7/2018,2.741,2.767,2.772,2.755
5/8/2018,2.732,2.76,2.767,2.752
5/9/2018,2.737,2.76,2.767,2.755
5/10/2018,2.814,2.828,2.836,2.822
5/11/2018,2.806,2.825,2.836,2.821
5/14/2018,2.842,2.859,2.869,2.851
5/15/2018,2.836,2.854,2.864,2.844
5/16/2018,2.815,2.837,2.85,2.832
5/17/2018,2.859,2.886,2.898,2.877
5/18/2018,2.847,2.879,2.893,2.875
5/21/2018,2.81,2.85,2.869,2.853
5/22/2018,2.908,2.936,2.952,2.933
5/23/2018,2.914,2.955,2.973,2.956
5/24/2018,2.94,2.971,2.988,2.97
5/25/2018,2.939,2.963,2.983,2.967
5/28/2018,2.939,2.963,2.983,2.967
5/29/2018,2.875,2.903,2.923,2.909
5/30/2018,2.885,2.905,2.891,2.897
5/31/2018,2.952,2.965,2.944,2.948
6/1/2018,2.962,2.976,2.955,2.959
6/4/2018,2.93,2.943,2.925,2.932
6/5/2018,2.89,2.907,2.892,2.9
6/6/2018,2.896,2.909,2.895,2.904
6/7/2018,2.93,2.939,2.924,2.935
6/8/2018,2.89,2.894,2.876,2.89
6/11/2018,2.949,2.941,2.911,2.923
6/12/2018,2.939,2.929,2.902,2.917
6/13/2018,2.963,2.948,2.92,2.936
6/14/2018,2.965,2.958,2.935,2.949
6/15/2018,3.022,3.015,2.99,2.999
6/18/2018,2.951,2.951,2.932,2.944
6/19/2018,2.9,2.904,2.884,2.895
6/20/2018,2.964,2.965,2.944,2.951
6/21/2018,2.975,2.972,2.947,2.954
6/22/2018,2.945,2.945,2.92,2.926
6/25/2018,2.923,2.921,2.898,2.906
6/26/2018,2.939,2.931,2.907,2.913
6/27/2018,2.996,2.981,2.951,2.955
6/28/2018,2.94,2.919,2.927,2.967
6/29/2018,2.924,2.901,2.908,2.949
7/2/2018,2.862,2.844,2.857,2.903
7/3/2018,2.87,2.846,2.856,2.902
7/4/2018,2.87,2.846,2.856,2.902
7/5/2018,2.837,2.812,2.822,2.87
7/6/2018,2.858,2.826,2.834,2.88
7/9/2018,2.828,2.796,2.805,2.854
7/10/2018,2.788,2.758,2.77,2.821
7/11/2018,2.829,2.797,2.809,2.858
7/12/2018,2.797,2.766,2.78,2.832
7/13/2018,2.752,2.724,2.74,2.792
7/16/2018,2.759,2.73,2.742,2.791
7/17/2018,2.74,2.707,2.72,2.769
7/18/2018,2.721,2.689,2.705,2.755
7/19/2018,2.769,2.736,2.751,2.797
7/20/2018,2.757,2.728,2.746,2.792
7/23/2018,2.721,2.695,2.715,2.767
7/24/2018,2.732,2.719,2.739,2.791
7/25/2018,2.775,2.755,2.773,2.824
7/26/2018,2.78,2.762,2.78,2.83
7/27/2018,2.822,2.782,2.8,2.848
7/30/2018,2.797,2.817,2.866,2.974
7/31/2018,2.782,2.798,2.843,2.952
8/1/2018,2.758,2.77,2.811,2.919
8/2/2018,2.816,2.822,2.857,2.958
8/3/2018,2.853,2.862,2.898,2.998
8/6/2018,2.86,2.866,2.903,3.003
8/7/2018,2.897,2.9,2.935,3.031
8/8/2018,2.949,2.955,2.989,3.077
8/9/2018,2.955,2.959,2.992,3.077
8/10/2018,2.944,2.949,2.982,3.067
8/13/2018,2.93,2.936,2.971,3.059
8/14/2018,2.959,2.966,3.002,3.092
8/15/2018,2.94,2.948,2.985,3.078
8/16/2018,2.908,2.913,2.95,3.046
8/17/2018,2.946,2.949,2.986,3.082
8/20/2018,2.941,2.932,2.966,3.061
8/21/2018,2.98,2.964,2.991,3.083
8/22/2018,2.956,2.944,2.975,3.069
8/23/2018,2.964,2.953,2.986,3.08
8/24/2018,2.917,2.913,2.946,3.042
8/27/2018,2.876,2.869,2.899,2.995
8/28/2018,2.852,2.845,2.873,2.966
8/29/2018,2.895,2.863,2.89,2.979
8/30/2018,2.874,2.901,2.988,3.074
8/31/2018,2.916,2.939,3.029,3.114
9/3/2018,2.916,2.939,3.029,3.114
9/4/2018,2.823,2.842,2.937,3.027
9/5/2018,2.795,2.813,2.907,2.995
9/6/2018,2.772,2.791,2.885,2.974
9/7/2018,2.776,2.79,2.878,2.965
9/10/2018,2.804,2.808,2.895,2.982
9/11/2018,2.828,2.827,2.913,3
9/12/2018,2.829,2.82,2.91,3.001
9/13/2018,2.817,2.8,2.89,2.981
9/14/2018,2.767,2.751,2.843,2.934
9/17/2018,2.814,2.779,2.862,2.952
9/18/2018,2.933,2.896,2.961,3.05
9/19/2018,2.908,2.882,2.951,3.041
9/20/2018,2.976,2.964,3.031,3.117
9/21/2018,2.977,2.974,3.045,3.131
9/24/2018,3.038,3.029,3.097,3.179
9/25/2018,3.082,3.058,3.129,3.209
9/26/2018,3.021,2.98,3.062,3.145
9/27/2018,3.056,3.135,3.214,3.117
9/28/2018,3.008,3.091,3.169,3.085
10/1/2018,3.094,3.172,3.244,3.155
10/2/2018,3.166,3.239,3.312,3.215
10/3/2018,3.23,3.297,3.37,3.252
10/4/2018,3.165,3.221,3.288,3.195
10/5/2018,3.143,3.188,3.253,3.167
10/8/2018,3.267,3.289,3.333,3.236
10/9/2018,3.266,3.298,3.361,3.262
10/10/2018,3.284,3.332,3.404,3.309
10/11/2018,3.222,3.279,3.352,3.277
10/12/2018,3.161,3.226,3.306,3.238
10/15/2018,3.242,3.31,3.389,3.301
10/16/2018,3.239,3.301,3.374,3.296
10/17/2018,3.32,3.369,3.439,3.347
10/18/2018,3.198,3.25,3.325,3.247
10/19/2018,3.25,3.309,3.385,3.299
10/22/2018,3.138,3.214,3.29,3.211
10/23/2018,3.212,3.283,3.353,3.26
10/24/2018,3.166,3.227,3.29,3.201
10/25/2018,3.202,3.256,3.317,3.226
10/26/2018,3.185,3.225,3.29,3.208
10/29/2018,3.185,3.198,3.261,3.181
10/30/2018,3.187,3.244,3.163,2.934
10/31/2018,3.261,3.302,3.21,2.967
11/1/2018,3.237,3.275,3.173,2.939
11/2/2018,3.284,3.31,3.192,2.938
11/5/2018,3.567,3.575,3.407,3.091
11/6/2018,3.555,3.583,3.436,3.113
11/7/2018,3.555,3.569,3.428,3.108
11/8/2018,3.543,3.553,3.414,3.095
11/9/2018,3.719,3.721,3.566,3.176
11/12/2018,3.788,3.8,3.66,3.293
11/13/2018,4.101,4.147,4.019,3.712
11/14/2018,4.837,4.898,4.77,4.472
11/15/2018,4.038,4.043,3.897,3.596
11/16/2018,4.272,4.291,4.148,3.865
11/19/2018,4.7,4.712,4.572,4.295
11/20/2018,4.523,4.521,4.386,4.125
11/21/2018,4.451,4.477,4.368,4.108
11/22/2018,4.451,4.477,4.368,4.108
11/23/2018,4.308,4.355,4.262,4.042
11/26/2018,4.248,4.299,4.184,3.966
11/27/2018,4.262,4.292,4.161,3.909
11/28/2018,4.715,4.699,4.538,4.219
11/29/2018,4.646,4.482,4.156,2.894
11/30/2018,4.612,4.419,4.014,2.887
12/3/2018,4.339,4.157,3.768,2.906
12/4/2018,4.457,4.305,3.937,2.957
12/5/2018,4.469,4.33,4.006,2.981
12/6/2018,4.327,4.217,3.924,2.96
12/7/2018,4.488,4.378,4.155,2.991
12/10/2018,4.545,4.36,4.136,2.977
12/11/2018,4.407,4.258,4.041,3.003
12/12/2018,4.136,4.035,3.853,2.924
12/13/2018,4.124,4.027,3.856,2.905
12/14/2018,3.827,3.753,3.606,2.894
12/17/2018,3.528,3.453,3.308,2.78
12/18/2018,3.838,3.742,3.558,2.854
12/19/2018,3.726,3.653,3.506,2.85
12/20/2018,3.583,3.526,3.38,2.839
12/21/2018,3.816,3.75,3.544,2.921
12/24/2018,3.467,3.423,3.261,2.816
12/25/2018,3.467,3.423,3.261,2.816
12/26/2018,3.543,3.458,3.283,2.838
12/27/2018,3.642,3.546,3.353,2.885
12/28/2018,3.303,3.148,2.818,2.779
12/31/2018,2.94,2.851,2.683,2.672
1/1/2019,2.94,2.851,2.683,2.672
1/2/2019,2.958,2.829,2.627,2.605
1/3/2019,2.945,2.812,2.614,2.59
1/4/2019,3.044,2.905,2.688,2.66
1/7/2019,2.944,2.847,2.677,2.662
1/8/2019,2.967,2.835,2.695,2.683
1/9/2019,2.984,2.84,2.706,2.696
1/10/2019,2.969,2.813,2.706,2.698
1/11/2019,3.099,2.945,2.769,2.747
1/14/2019,3.591,3.289,2.905,2.862
1/15/2019,3.501,3.249,2.846,2.804
1/16/2019,3.384,3.147,2.833,2.797
1/17/2019,3.413,3.174,2.85,2.816
1/18/2019,3.482,3.239,2.883,2.846
1/21/2019,3.482,3.239,2.883,2.846
1/22/2019,3.04,2.972,2.817,2.803
1/23/2019,2.98,2.922,2.79,2.785
1/24/2019,3.099,2.998,2.844,2.838
1/25/2019,3.178,3.072,2.884,2.868
1/28/2019,2.911,2.873,2.807,2.806
1/29/2019,2.95,2.903,2.847,2.846
1/30/2019,2.854,2.808,2.813,2.859
1/31/2019,2.814,2.765,2.772,2.818
2/1/2019,2.734,2.699,2.709,2.754
2/4/2019,2.66,2.642,2.656,2.705
2/5/2019,2.662,2.65,2.665,2.714
2/6/2019,2.662,2.657,2.671,2.72
2/7/2019,2.551,2.572,2.601,2.653
2/8/2019,2.583,2.604,2.634,2.686
2/11/2019,2.642,2.659,2.686,2.735
2/12/2019,2.688,2.705,2.731,2.778
2/13/2019,2.575,2.621,2.652,2.701
2/14/2019,2.573,2.61,2.639,2.69
2/15/2019,2.625,2.656,2.682,2.729
2/18/2019,2.625,2.656,2.682,2.729
2/19/2019,2.662,2.697,2.721,2.77
2/20/2019,2.636,2.669,2.693,2.741
2/21/2019,2.697,2.724,2.744,2.786
2/22/2019,2.717,2.739,2.759,2.8
2/25/2019,2.836,2.815,2.826,2.859
2/26/2019,2.855,2.796,2.811,2.846
2/27/2019,2.799,2.813,2.85,2.889
2/28/2019,2.812,2.823,2.863,2.905
3/1/2019,2.859,2.863,2.901,2.943
3/4/2019,2.857,2.857,2.895,2.937
3/5/2019,2.884,2.884,2.918,2.957
3/6/2019,2.841,2.85,2.887,2.928
3/7/2019,2.866,2.872,2.91,2.952
3/8/2019,2.865,2.87,2.912,2.957
3/11/2019,2.772,2.785,2.834,2.887
3/12/2019,2.784,2.797,2.848,2.902
3/13/2019,2.82,2.834,2.883,2.935
3/14/2019,2.855,2.86,2.905,2.952
3/15/2019,2.795,2.802,2.852,2.904
3/18/2019,2.85,2.856,2.905,2.957
3/19/2019,2.874,2.872,2.915,2.963
3/20/2019,2.82,2.825,2.872,2.922
3/21/2019,2.821,2.827,2.877,2.932
3/22/2019,2.753,2.767,2.821,2.88
3/25/2019,2.755,2.774,2.825,2.883
3/26/2019,2.74,2.751,2.803,2.861
3/27/2019,2.713,2.719,2.771,2.829
3/28/2019,2.712,2.761,2.816,2.839
3/29/2019,2.662,2.713,2.772,2.797
4/1/2019,2.708,2.749,2.802,2.823
4/2/2019,2.684,2.722,2.775,2.801
4/3/2019,2.677,2.715,2.764,2.791
4/4/2019,2.643,2.686,2.739,2.767
4/5/2019,2.664,2.706,2.765,2.791
4/8/2019,2.708,2.748,2.806,2.833
4/9/2019,2.699,2.739,2.798,2.826
4/10/2019,2.7,2.742,2.801,2.827
4/11/2019,2.664,2.708,2.766,2.791
4/12/2019,2.66,2.704,2.764,2.789
4/15/2019,2.59,2.633,2.696,2.723
4/16/2019,2.572,2.617,2.681,2.708
4/17/2019,2.517,2.559,2.623,2.652
4/18/2019,2.49,2.535,2.599,2.627
4/19/2019,2.49,2.535,2.599,2.627
4/22/2019,2.524,2.558,2.616,2.641
4/23/2019,2.455,2.499,2.557,2.585
4/24/2019,2.462,2.5,2.558,2.585
4/25/2019,2.514,2.548,2.602,2.628
4/26/2019,2.566,2.58,2.63,2.653
4/29/2019,2.593,2.64,2.663,2.656
4/30/2019,2.575,2.617,2.641,2.637
5/1/2019,2.62,2.658,2.676,2.67
5/2/2019,2.589,2.624,2.643,2.639
5/3/2019,2.567,2.6,2.616,2.613
5/6/2019,2.524,2.56,2.578,2.575
5/7/2019,2.537,2.573,2.593,2.591
5/8/2019,2.61,2.646,2.666,2.663
5/9/2019,2.595,2.631,2.652,2.65
5/10/2019,2.619,2.655,2.674,2.671
5/13/2019,2.621,2.653,2.671,2.667
5/14/2019,2.659,2.689,2.705,2.699
5/15/2019,2.601,2.634,2.651,2.646
5/16/2019,2.639,2.674,2.689,2.684
5/17/2019,2.631,2.664,2.68,2.675
5/20/2019,2.673,2.699,2.714,2.709
5/21/2019,2.613,2.641,2.656,2.651
5/22/2019,2.543,2.559,2.574,2.572
5/23/2019,2.578,2.592,2.604,2.6
5/24/2019,2.598,2.611,2.621,2.615
5/27/2019,2.598,2.611,2.621,2.615
5/28/2019,2.582,2.584,2.593,2.587
5/29/2019,2.633,2.624,2.632,2.623
5/30/2019,2.547,2.557,2.549,2.592
5/31/2019,2.454,2.46,2.45,2.499
6/3/2019,2.403,2.403,2.392,2.446
6/4/2019,2.416,2.419,2.411,2.464
6/5/2019,2.378,2.38,2.372,2.425
6/6/2019,2.324,2.324,2.315,2.368
6/7/2019,2.337,2.331,2.317,2.367
6/10/2019,2.357,2.35,2.335,2.382
6/11/2019,2.399,2.393,2.377,2.42
6/12/2019,2.386,2.381,2.365,2.406
6/13/2019,2.325,2.322,2.312,2.358
6/14/2019,2.387,2.381,2.371,2.413
6/17/2019,2.386,2.373,2.359,2.401
6/18/2019,2.328,2.311,2.296,2.336
6/19/2019,2.276,2.263,2.245,2.284
6/20/2019,2.185,2.166,2.146,2.186
6/21/2019,2.186,2.169,2.143,2.182
6/24/2019,2.303,2.284,2.256,2.291
6/25/2019,2.308,2.286,2.26,2.294
6/26/2019,2.291,2.268,2.244,2.275
6/27/2019,2.324,2.298,2.325,2.413
6/28/2019,2.308,2.282,2.311,2.399
7/1/2019,2.267,2.242,2.276,2.37
7/2/2019,2.24,2.217,2.249,2.343
7/3/2019,2.29,2.263,2.292,2.382
7/4/2019,2.29,2.263,2.292,2.382
7/5/2019,2.418,2.389,2.415,2.503
7/8/2019,2.403,2.384,2.415,2.505
7/9/2019,2.425,2.416,2.454,2.548
7/10/2019,2.444,2.433,2.47,2.561
7/11/2019,2.416,2.401,2.436,2.528
7/12/2019,2.453,2.434,2.464,2.557
7/15/2019,2.408,2.386,2.418,2.51
7/16/2019,2.306,2.286,2.314,2.414
7/17/2019,2.304,2.278,2.304,2.404
7/18/2019,2.287,2.263,2.29,2.386
7/19/2019,2.251,2.228,2.256,2.349
7/22/2019,2.312,2.293,2.319,2.407
7/23/2019,2.3,2.275,2.301,2.39
7/24/2019,2.22,2.202,2.227,2.318
7/25/2019,2.244,2.227,2.253,2.339
7/26/2019,2.169,2.15,2.177,2.267
7/29/2019,2.141,2.116,2.139,2.233
7/30/2019,2.137,2.16,2.252,2.447
7/31/2019,2.233,2.25,2.33,2.52
8/1/2019,2.202,2.212,2.293,2.488
8/2/2019,2.121,2.13,2.213,2.413
8/5/2019,2.07,2.083,2.169,2.372
8/6/2019,2.111,2.124,2.204,2.403
8/7/2019,2.083,2.099,2.184,2.378
8/8/2019,2.128,2.146,2.228,2.418
8/9/2019,2.119,2.133,2.214,2.406
8/12/2019,2.105,2.117,2.194,2.383
8/13/2019,2.147,2.159,2.232,2.417
8/14/2019,2.143,2.154,2.228,2.416
8/15/2019,2.232,2.237,2.304,2.483
8/16/2019,2.2,2.207,2.273,2.451
8/19/2019,2.21,2.213,2.272,2.447
8/20/2019,2.218,2.219,2.279,2.455
8/21/2019,2.17,2.177,2.239,2.421
8/22/2019,2.159,2.163,2.222,2.406
8/23/2019,2.152,2.156,2.212,2.395
8/26/2019,2.23,2.233,2.285,2.463
8/27/2019,2.202,2.192,2.245,2.426
8/28/2019,2.251,2.222,2.274,2.452
8/29/2019,2.296,2.342,2.512,2.617
8/30/2019,2.285,2.324,2.485,2.588
9/2/2019,2.285,2.324,2.485,2.588
9/3/2019,2.358,2.397,2.55,2.651
9/4/2019,2.445,2.492,2.631,2.727
9/5/2019,2.435,2.491,2.641,2.741
9/6/2019,2.496,2.551,2.699,2.795
9/9/2019,2.585,2.625,2.768,2.859
9/10/2019,2.58,2.62,2.78,2.877
9/11/2019,2.552,2.589,2.751,2.851
9/12/2019,2.574,2.605,2.758,2.857
9/13/2019,2.614,2.653,2.8,2.898
9/16/2019,2.681,2.725,2.867,2.963
9/17/2019,2.668,2.7,2.84,2.94
9/18/2019,2.637,2.665,2.803,2.906
9/19/2019,2.538,2.569,2.726,2.828
9/20/2019,2.534,2.555,2.705,2.811
9/23/2019,2.527,2.555,2.701,2.807
9/24/2019,2.503,2.525,2.681,2.789
9/25/2019,2.502,2.518,2.668,2.774
9/26/2019,2.428,2.443,2.596,2.711
9/27/2019,2.404,2.565,2.681,2.646
9/30/2019,2.33,2.504,2.622,2.588
10/1/2019,2.283,2.48,2.611,2.58
10/2/2019,2.247,2.451,2.584,2.555
10/3/2019,2.329,2.5,2.621,2.589
10/4/2019,2.352,2.524,2.648,2.614
10/7/2019,2.303,2.5,2.63,2.595
10/8/2019,2.288,2.491,2.623,2.584
10/9/2019,2.234,2.436,2.568,2.537
10/10/2019,2.218,2.417,2.548,2.516
10/11/2019,2.214,2.457,2.591,2.552
10/14/2019,2.28,2.498,2.622,2.583
10/15/2019,2.339,2.532,2.647,2.609
10/16/2019,2.303,2.495,2.612,2.575
10/17/2019,2.318,2.516,2.633,2.598
10/18/2019,2.32,2.517,2.635,2.603
10/21/2019,2.238,2.441,2.566,2.538
10/22/2019,2.272,2.449,2.568,2.531
10/23/2019,2.282,2.427,2.532,2.499
10/24/2019,2.316,2.465,2.567,2.533
10/25/2019,2.3,2.459,2.561,2.525
10/28/2019,2.446,2.555,2.647,2.606
10/29/2019,2.597,2.639,2.724,2.678
10/30/2019,2.691,2.781,2.737,2.598
10/31/2019,2.633,2.732,2.697,2.568
11/1/2019,2.714,2.802,2.762,2.631
11/4/2019,2.821,2.898,2.849,2.705
11/5/2019,2.862,2.94,2.886,2.724
11/6/2019,2.828,2.907,2.858,2.696
11/7/2019,2.772,2.859,2.817,2.654
11/8/2019,2.789,2.873,2.822,2.661
11/11/2019,2.637,2.728,2.687,2.559
11/12/2019,2.621,2.714,2.668,2.547
11/13/2019,2.6,2.692,2.65,2.536
11/14/2019,2.647,2.719,2.666,2.549
11/15/2019,2.688,2.75,2.695,2.569
11/18/2019,2.566,2.63,2.585,2.482
11/19/2019,2.51,2.576,2.529,2.435
11/20/2019,2.559,2.611,2.562,2.459
11/21/2019,2.567,2.622,2.569,2.462
11/22/2019,2.665,2.71,2.655,2.529
11/25/2019,2.531,2.584,2.541,2.448
11/26/2019,2.47,2.533,2.501,2.41
11/27/2019,2.501,2.47,2.383,2.272
11/28/2019,2.501,2.47,2.383,2.272
11/29/2019,2.281,2.262,2.198,2.136
12/2/2019,2.329,2.308,2.242,2.165
12/3/2019,2.441,2.405,2.307,2.192
12/4/2019,2.399,2.374,2.288,2.192
12/5/2019,2.427,2.398,2.312,2.211
12/6/2019,2.334,2.319,2.249,2.168
12/9/2019,2.232,2.234,2.193,2.145
12/10/2019,2.264,2.263,2.218,2.165
12/11/2019,2.243,2.243,2.2,2.148
12/12/2019,2.328,2.32,2.271,2.2
12/13/2019,2.296,2.282,2.228,2.17
12/16/2019,2.341,2.326,2.265,2.2
12/17/2019,2.319,2.303,2.244,2.191
12/18/2019,2.286,2.264,2.211,2.167
12/19/2019,2.273,2.265,2.207,2.168
12/20/2019,2.328,2.31,2.24,2.194
12/23/2019,2.214,2.217,2.166,2.145
12/24/2019,2.172,2.187,2.138,2.123
12/26/2019,2.294,2.285,2.213,2.185
12/27/2019,2.158,2.231,2.173,2.16
12/30/2019,2.186,2.157,2.149,2.185
12/31/2019,2.189,2.158,2.149,2.188
1/2/2020,2.122,2.093,2.098,2.142
1/3/2020,2.13,2.112,2.113,2.156
1/6/2020,2.135,2.134,2.135,2.176
1/7/2020,2.162,2.153,2.146,2.183
1/8/2020,2.141,2.134,2.135,2.177
1/9/2020,2.166,2.148,2.15,2.191
1/10/2020,2.202,2.168,2.164,2.199
1/13/2020,2.182,2.158,2.163,2.203
1/14/2020,2.187,2.151,2.154,2.194
1/15/2020,2.12,2.083,2.097,2.144
1/16/2020,2.077,2.046,2.064,2.116
1/17/2020,2.003,1.985,2.011,2.066
1/21/2020,1.895,1.889,1.93,1.989
1/22/2020,1.905,1.9,1.935,1.992
1/23/2020,1.926,1.904,1.94,1.997
1/24/2020,1.893,1.87,1.908,1.968
1/27/2020,1.902,1.878,1.915,1.977
1/28/2020,1.934,1.908,1.945,2.006
1/29/2020,1.877,1.865,1.909,1.971
1/30/2020,1.829,1.872,1.933,2.002
1/31/2020,1.841,1.886,1.946,2.015
2/3/2020,1.819,1.862,1.918,1.984
2/4/2020,1.872,1.902,1.952,2.015
2/5/2020,1.861,1.887,1.937,1.997
2/6/2020,1.862,1.887,1.94,2.001
2/7/2020,1.858,1.892,1.951,2.015
2/10/2020,1.766,1.804,1.869,1.937
2/11/2020,1.788,1.823,1.882,1.952
2/12/2020,1.844,1.874,1.929,1.999
2/13/2020,1.826,1.856,1.913,1.982
2/14/2020,1.837,1.856,1.904,1.967
2/18/2020,1.981,1.971,2.006,2.051
2/19/2020,1.955,1.971,2.008,2.058
2/20/2020,1.92,1.931,1.974,2.025
2/21/2020,1.905,1.917,1.959,2.01
2/24/2020,1.827,1.843,1.89,1.95
2/25/2020,1.847,1.851,1.896,1.958
2/26/2020,1.821,1.837,1.88,1.942
2/27/2020,1.752,1.8,1.868,1.952
2/28/2020,1.684,1.732,1.799,1.881
3/2/2020,1.756,1.797,1.858,1.935
3/3/2020,1.8,1.838,1.897,1.974
3/4/2020,1.827,1.865,1.925,2.003
3/5/2020,1.772,1.813,1.876,1.955
3/6/2020,1.708,1.748,1.816,1.902
3/9/2020,1.778,1.819,1.895,1.987
3/10/2020,1.936,1.985,2.055,2.146
3/11/2020,1.878,1.921,1.995,2.089
3/12/2020,1.841,1.885,1.965,2.065
3/13/2020,1.869,1.901,1.968,2.065
3/16/2020,1.815,1.853,1.917,2.011
3/17/2020,1.729,1.769,1.852,1.96
3/18/2020,1.604,1.647,1.74,1.854
3/19/2020,1.654,1.726,1.821,1.937
3/20/2020,1.604,1.675,1.765,1.877
3/23/2020,1.602,1.673,1.782,1.909
3/24/2020,1.653,1.729,1.836,1.96
3/25/2020,1.659,1.714,1.826,1.961
3/26/2020,1.637,1.689,1.802,1.94
3/27/2020,1.634,1.671,1.775,1.907
3/30/2020,1.69,1.794,1.931,1.989
3/31/2020,1.64,1.756,1.912,1.978
4/1/2020,1.587,1.712,1.886,1.958
4/2/2020,1.552,1.672,1.847,1.919
4/3/2020,1.621,1.738,1.919,1.987
4/6/2020,1.731,1.844,1.989,2.051
4/7/2020,1.852,1.949,2.063,2.118
4/8/2020,1.783,1.896,2.052,2.11
4/9/2020,1.733,1.863,2.06,2.128
4/13/2020,1.724,1.879,2.078,2.15
4/14/2020,1.65,1.826,2.026,2.105
4/15/2020,1.598,1.748,1.946,2.037
4/16/2020,1.686,1.845,2.035,2.121
4/17/2020,1.753,1.903,2.074,2.154
4/20/2020,1.924,2.049,2.231,2.312
4/21/2020,1.821,1.984,2.175,2.266
4/22/2020,1.939,2.053,2.236,2.32
4/23/2020,1.815,1.942,2.155,2.252
4/24/2020,1.746,1.895,2.128,2.224
4/27/2020,1.819,1.916,2.153,2.256
4/28/2020,1.794,1.948,2.17,2.27
4/29/2020,1.869,2.091,2.196,2.255
4/30/2020,1.949,2.17,2.275,2.331
5/1/2020,1.89,2.134,2.242,2.302
5/4/2020,1.993,2.23,2.33,2.39
5/5/2020,2.134,2.312,2.388,2.43
5/6/2020,1.944,2.171,2.254,2.308
5/7/2020,1.894,2.127,2.202,2.256
5/8/2020,1.823,2.077,2.153,2.207
5/11/2020,1.826,2.085,2.16,2.213
5/12/2020,1.72,1.965,2.053,2.117
5/13/2020,1.616,1.856,1.957,2.018
5/14/2020,1.681,1.884,1.985,2.043
5/15/2020,1.646,1.833,1.935,2
5/18/2020,1.783,1.959,2.05,2.11
5/19/2020,1.83,1.985,2.064,2.122
5/20/2020,1.771,1.909,1.997,2.06
5/21/2020,1.71,1.852,1.933,1.993
5/22/2020,1.731,1.881,1.958,2.013
5/26/2020,1.793,1.945,2.019,2.069
5/27/2020,1.722,1.886,1.972,2.024
5/28/2020,1.827,1.919,1.975,2.058
5/29/2020,1.849,1.94,1.988,2.068
6/1/2020,1.774,1.871,1.924,2.009
6/2/2020,1.777,1.876,1.935,2.021
6/3/2020,1.821,1.915,1.969,2.053
6/4/2020,1.822,1.917,1.968,2.052
6/5/2020,1.782,1.886,1.941,2.028
6/8/2020,1.789,1.892,1.947,2.036
6/9/2020,1.767,1.863,1.918,2.009
6/10/2020,1.78,1.87,1.925,2.018
6/11/2020,1.813,1.9,1.954,2.045
6/12/2020,1.731,1.815,1.865,1.96
6/15/2020,1.669,1.76,1.814,1.917
6/16/2020,1.614,1.701,1.756,1.868
6/17/2020,1.638,1.727,1.784,1.9
6/18/2020,1.638,1.728,1.784,1.898
6/19/2020,1.669,1.748,1.799,1.904
6/22/2020,1.664,1.738,1.787,1.888
6/23/2020,1.637,1.691,1.74,1.839
6/24/2020,1.597,1.661,1.723,1.822
6/25/2020,1.482,1.546,1.612,1.73
6/26/2020,1.495,1.544,1.605,1.725
6/29/2020,1.709,1.754,1.863,2.255
6/30/2020,1.751,1.789,1.887,2.282
7/1/2020,1.671,1.721,1.84,2.265
7/2/2020,1.734,1.785,1.884,2.297
7/6/2020,1.83,1.893,1.983,2.335
7/7/2020,1.876,1.939,2.028,2.381
7/8/2020,1.824,1.876,1.97,2.355
7/9/2020,1.779,1.821,1.922,2.344
7/10/2020,1.805,1.847,1.943,2.355
7/13/2020,1.739,1.797,1.899,2.34
7/14/2020,1.746,1.787,1.891,2.348
7/15/2020,1.778,1.818,1.917,2.366
7/16/2020,1.723,1.776,1.879,2.35
7/17/2020,1.718,1.765,1.876,2.35
7/20/2020,1.641,1.684,1.808,2.291
7/21/2020,1.675,1.714,1.837,2.31
7/22/2020,1.681,1.718,1.838,2.288
7/23/2020,1.785,1.835,1.952,2.371
7/24/2020,1.808,1.867,1.994,2.41
7/27/2020,1.734,1.786,1.932,2.385
7/28/2020,1.8,1.864,2.012,2.458
7/29/2020,1.854,1.93,2.079,2.538
7/30/2020,1.829,1.991,2.465,2.826
7/31/2020,1.799,1.957,2.418,2.793
8/3/2020,2.101,2.239,2.612,2.923
8/4/2020,2.193,2.334,2.669,2.965
8/5/2020,2.191,2.331,2.675,2.994
8/6/2020,2.165,2.305,2.654,2.985
8/7/2020,2.238,2.376,2.72,3.044
8/10/2020,2.153,2.287,2.64,2.975
8/11/2020,2.171,2.311,2.67,3.003
8/12/2020,2.152,2.297,2.672,2.997
8/13/2020,2.182,2.324,2.699,3.016
8/14/2020,2.356,2.495,2.811,3.104
8/17/2020,2.339,2.476,2.803,3.11
8/18/2020,2.417,2.556,2.87,3.157
8/19/2020,2.426,2.563,2.868,3.152
8/20/2020,2.352,2.503,2.827,3.136
8/21/2020,2.448,2.573,2.866,3.158
8/24/2020,2.513,2.616,2.875,3.156
8/25/2020,2.489,2.596,2.853,3.142
8/26/2020,2.461,2.574,2.825,3.111
8/27/2020,2.579,2.71,2.943,3.216
8/28/2020,2.657,2.916,3.208,3.316
8/31/2020,2.63,2.92,3.254,3.355
9/1/2020,2.527,2.901,3.266,3.375
9/2/2020,2.486,2.931,3.288,3.399
9/3/2020,2.487,2.927,3.259,3.374
9/4/2020,2.588,2.987,3.276,3.389
9/8/2020,2.4,2.892,3.235,3.352
9/9/2020,2.406,2.873,3.241,3.361
9/10/2020,2.323,2.798,3.186,3.309
9/11/2020,2.269,2.744,3.165,3.29
9/14/2020,2.31,2.74,3.16,3.284
9/15/2020,2.362,2.741,3.158,3.282
9/16/2020,2.267,2.664,3.12,3.249
9/17/2020,2.042,2.577,3.097,3.229
9/18/2020,2.048,2.633,3.154,3.285
9/21/2020,1.835,2.71,3.186,3.317
9/22/2020,1.834,2.597,3.134,3.264
9/23/2020,2.125,2.794,3.229,3.348
9/24/2020,2.248,2.899,3.343,3.451
9/25/2020,2.139,2.807,3.277,3.398
9/28/2020,2.101,2.795,3.271,3.399
9/29/2020,2.561,3.118,3.259,3.214
9/30/2020,2.527,3.117,3.267,3.221
10/1/2020,2.527,3.062,3.204,3.163
10/2/2020,2.438,2.991,3.138,3.1
10/5/2020,2.615,3.161,3.293,3.247
10/6/2020,2.52,3.096,3.239,3.193
10/7/2020,2.606,3.149,3.294,3.248
10/8/2020,2.627,3.149,3.299,3.258
10/9/2020,2.741,3.204,3.347,3.305
10/12/2020,2.881,3.271,3.401,3.355
10/13/2020,2.855,3.247,3.379,3.341
10/14/2020,2.636,3.189,3.332,3.294
10/15/2020,2.775,3.261,3.396,3.355
10/16/2020,2.773,3.271,3.405,3.364
10/19/2020,2.795,3.28,3.414,3.373
10/20/2020,2.913,3.26,3.391,3.352
10/21/2020,3.023,3.348,3.471,3.427
10/22/2020,3.007,3.272,3.397,3.356
10/23/2020,2.971,3.195,3.322,3.285
10/26/2020,3.024,3.253,3.371,3.329
10/27/2020,3.019,3.311,3.424,3.376
10/28/2020,2.996,3.291,3.411,3.363
10/29/2020,3.301,3.417,3.364,3.233
10/30/2020,3.354,3.469,3.416,3.284
11/2/2020,3.244,3.375,3.332,3.219
11/3/2020,3.059,3.195,3.159,3.063
11/4/2020,3.046,3.177,3.14,3.045
11/5/2020,2.942,3.084,3.058,2.977
11/6/2020,2.888,3.031,3.005,2.933
11/9/2020,2.859,2.999,2.974,2.904
11/10/2020,2.949,3.073,3.041,2.959
11/11/2020,3.031,3.151,3.116,3.026
11/12/2020,2.976,3.094,3.057,2.969
11/13/2020,2.995,3.122,3.083,2.997
11/16/2020,2.697,2.864,2.847,2.795
11/17/2020,2.692,2.844,2.826,2.777
11/18/2020,2.712,2.838,2.818,2.767
11/19/2020,2.592,2.72,2.703,2.659
11/20/2020,2.65,2.77,2.755,2.709
11/23/2020,2.711,2.823,2.806,2.751
11/24/2020,2.775,2.9,2.877,2.809
11/25/2020,2.896,2.961,2.936,2.865
11/30/2020,2.882,2.865,2.799,2.701
12/1/2020,2.88,2.868,2.806,2.717
12/2/2020,2.78,2.778,2.723,2.657
12/3/2020,2.507,2.515,2.476,2.434
12/4/2020,2.575,2.586,2.551,2.508
12/7/2020,2.406,2.433,2.432,2.412
12/8/2020,2.399,2.422,2.419,2.428
12/9/2020,2.442,2.456,2.452,2.466
12/10/2020,2.553,2.57,2.565,2.573
12/11/2020,2.591,2.603,2.597,2.596
12/14/2020,2.682,2.678,2.66,2.662
12/15/2020,2.682,2.68,2.662,2.67
12/16/2020,2.677,2.681,2.665,2.687
12/17/2020,2.636,2.637,2.619,2.635
12/18/2020,2.7,2.681,2.662,2.67
12/21/2020,2.705,2.689,2.67,2.685
12/22/2020,2.78,2.749,2.726,2.725
12/23/2020,2.608,2.588,2.571,2.585
12/24/2020,2.518,2.512,2.498,2.518
12/28/2020,2.305,2.326,2.329,2.357
12/29/2020,2.467,2.444,2.439,2.454
