Date,HDD,CDD
1/7/2011,30,0
1/8/2011,33,0
1/9/2011,35,0
1/10/2011,36,0
1/11/2011,36,0
1/12/2011,35,0
1/13/2011,35,0
1/14/2011,33,0
1/15/2011,30,0
1/16/2011,29,0
1/17/2011,28,0
1/18/2011,26,0
1/19/2011,26,0
1/20/2011,30,0
1/21/2011,34,0
1/22/2011,36,0
1/23/2011,36,0
1/24/2011,35,0
1/25/2011,30,0
1/26/2011,28,0
1/27/2011,27,0
1/28/2011,26,0
1/29/2011,25,0
1/30/2011,26,0
1/31/2011,30,0
2/1/2011,31,0
2/2/2011,33,0
2/3/2011,37,0
2/4/2011,34,0
2/5/2011,29,0
2/6/2011,25,0
2/7/2011,26,0
2/8/2011,32,0
2/9/2011,37,0
2/10/2011,38,0
2/11/2011,35,0
2/12/2011,29,0
2/13/2011,23,0
2/14/2011,19,0
2/15/2011,23,0
2/16/2011,20,0
2/17/2011,16,0
2/18/2011,14,0
2/19/2011,19,0
2/20/2011,22,0
2/21/2011,23,1
2/22/2011,26,0
2/23/2011,26,0
2/24/2011,24,1
2/25/2011,24,0
2/26/2011,26,0
2/27/2011,21,1
2/28/2011,19,1
3/1/2011,22,0
3/2/2011,22,0
3/3/2011,23,0
3/4/2011,20,0
3/5/2011,18,0
3/6/2011,20,0
3/7/2011,23,0
3/8/2011,21,0
3/9/2011,19,0
3/10/2011,18,0
3/11/2011,19,0
3/12/2011,17,0
3/13/2011,17,0
3/14/2011,18,0
3/15/2011,18,0
3/16/2011,15,0
3/17/2011,11,1
3/18/2011,10,1
3/19/2011,14,1
3/20/2011,15,1
3/21/2011,13,1
3/22/2011,13,1
3/23/2011,16,1
3/24/2011,20,1
3/25/2011,22,1
3/26/2011,23,1
3/27/2011,23,1
3/28/2011,22,0
3/29/2011,20,1
3/30/2011,19,1
3/31/2011,17,1
4/1/2011,16,1
4/2/2011,14,1
4/3/2011,12,1
4/4/2011,10,1
4/5/2011,13,1
4/6/2011,14,0
4/7/2011,13,1
4/8/2011,13,2
4/9/2011,11,3
4/10/2011,8,3
4/11/2011,6,3
4/12/2011,9,1
4/13/2011,11,1
4/14/2011,10,1
4/15/2011,12,1
4/16/2011,12,1
4/17/2011,11,1
4/18/2011,11,1
4/19/2011,10,3
4/20/2011,10,3
4/21/2011,11,2
4/22/2011,12,2
4/23/2011,9,3
4/24/2011,7,3
4/25/2011,6,3
4/26/2011,5,3
4/27/2011,5,4
4/28/2011,7,2
4/29/2011,8,1
4/30/2011,8,1
5/1/2011,8,2
5/2/2011,9,2
5/3/2011,8,2
5/4/2011,10,1
5/5/2011,9,1
5/6/2011,7,1
5/7/2011,6,2
5/8/2011,6,3
5/9/2011,5,4
5/10/2011,4,5
5/11/2011,4,5
5/12/2011,3,5
5/13/2011,4,4
5/14/2011,6,2
5/15/2011,8,1
5/16/2011,9,1
5/17/2011,9,1
5/18/2011,7,1
5/19/2011,5,2
5/20/2011,3,3
5/21/2011,2,4
5/22/2011,3,6
5/23/2011,3,6
5/24/2011,2,6
5/25/2011,3,6
5/26/2011,4,5
5/27/2011,4,5
5/28/2011,3,6
5/29/2011,3,8
5/30/2011,2,10
5/31/2011,2,10
6/1/2011,2,9
6/2/2011,2,7
6/3/2011,3,7
6/4/2011,2,8
6/5/2011,2,8
6/6/2011,1,9
6/7/2011,1,10
6/8/2011,1,11
6/9/2011,1,10
6/10/2011,2,9
6/11/2011,2,7
6/12/2011,2,7
6/13/2011,1,6
6/14/2011,2,7
6/15/2011,1,7
6/16/2011,1,7
6/17/2011,1,8
6/18/2011,1,9
6/19/2011,1,9
6/20/2011,1,9
6/21/2011,0,11
6/22/2011,0,10
6/23/2011,1,9
6/24/2011,1,8
6/25/2011,1,8
6/26/2011,0,8
6/27/2011,0,10
6/28/2011,0,10
6/29/2011,0,9
6/30/2011,0,9
7/1/2011,0,10
7/2/2011,0,12
7/3/2011,0,12
7/4/2011,0,12
7/5/2011,0,12
7/6/2011,0,13
7/7/2011,0,12
7/8/2011,0,12
7/9/2011,0,12
7/10/2011,0,12
7/11/2011,0,13
7/12/2011,0,14
7/13/2011,0,12
7/14/2011,0,9
7/15/2011,0,9
7/16/2011,0,11
7/17/2011,0,12
7/18/2011,0,14
7/19/2011,0,15
7/20/2011,0,15
7/21/2011,0,16
7/22/2011,0,17
7/23/2011,0,16
7/24/2011,0,15
7/25/2011,0,13
7/26/2011,0,13
7/27/2011,0,12
7/28/2011,0,13
7/29/2011,0,14
7/30/2011,0,15
7/31/2011,0,14
8/1/2011,0,15
8/2/2011,0,15
8/3/2011,0,14
8/4/2011,0,13
8/5/2011,0,13
8/6/2011,0,13
8/7/2011,0,14
8/8/2011,0,13
8/9/2011,0,12
8/10/2011,0,10
8/11/2011,0,9
8/12/2011,0,9
8/13/2011,0,10
8/14/2011,0,9
8/15/2011,0,9
8/16/2011,0,9
8/17/2011,0,10
8/18/2011,0,11
8/19/2011,0,11
8/20/2011,0,11
8/21/2011,0,11
8/22/2011,0,10
8/23/2011,0,10
8/24/2011,0,11
8/25/2011,0,11
8/26/2011,0,12
8/27/2011,0,12
8/28/2011,0,11
8/29/2011,0,9
8/30/2011,0,8
8/31/2011,0,10
9/1/2011,0,11
9/2/2011,0,11
9/3/2011,0,11
9/4/2011,0,9
9/5/2011,1,7
9/6/2011,2,5
9/7/2011,2,5
9/8/2011,1,5
9/9/2011,0,6
9/10/2011,0,6
9/11/2011,0,6
9/12/2011,0,7
9/13/2011,1,8
9/14/2011,2,7
9/15/2011,5,5
9/16/2011,7,3
9/17/2011,6,3
9/18/2011,4,4
9/19/2011,3,4
9/20/2011,2,4
9/21/2011,1,5
9/22/2011,2,6
9/23/2011,2,5
9/24/2011,2,5
9/25/2011,2,5
9/26/2011,2,5
9/27/2011,2,6
9/28/2011,2,6
9/29/2011,2,6
9/30/2011,3,4
10/1/2011,7,2
10/2/2011,8,2
10/3/2011,7,1
10/4/2011,6,1
10/5/2011,5,1
10/6/2011,6,2
10/7/2011,6,3
10/8/2011,4,3
10/9/2011,3,2
10/10/2011,3,2
10/11/2011,3,2
10/12/2011,4,3
10/13/2011,4,3
10/14/2011,4,2
10/15/2011,6,2
10/16/2011,6,2
10/17/2011,6,2
10/18/2011,8,2
10/19/2011,10,1
10/20/2011,11,0
10/21/2011,11,0
10/22/2011,10,1
10/23/2011,10,1
10/24/2011,9,1
10/25/2011,9,1
10/26/2011,10,1
10/27/2011,12,1
10/28/2011,16,0
10/29/2011,17,1
10/30/2011,17,0
10/31/2011,15,0
11/1/2011,14,0
11/2/2011,13,1
11/3/2011,15,0
11/4/2011,18,0
11/5/2011,19,0
11/6/2011,16,0
11/7/2011,14,1
11/8/2011,12,1
11/9/2011,13,0
11/10/2011,16,0
11/11/2011,19,0
11/12/2011,17,0
11/13/2011,12,1
11/14/2011,10,1
11/15/2011,10,1
11/16/2011,13,1
11/17/2011,19,1
11/18/2011,22,0
11/19/2011,18,1
11/20/2011,16,1
11/21/2011,16,1
11/22/2011,15,1
11/23/2011,15,0
11/24/2011,17,0
11/25/2011,15,0
11/26/2011,13,0
11/27/2011,15,0
11/28/2011,16,0
11/29/2011,17,0
11/30/2011,21,0
12/1/2011,23,0
12/2/2011,23,0
12/3/2011,22,0
12/4/2011,20,0
12/5/2011,21,0
12/6/2011,22,0
12/7/2011,22,0
12/8/2011,27,0
12/9/2011,26,0
12/10/2011,27,0
12/11/2011,28,0
12/12/2011,26,0
12/13/2011,23,0
12/14/2011,19,0
12/15/2011,17,0
12/16/2011,21,0
12/17/2011,24,0
12/18/2011,26,0
12/19/2011,23,0
12/20/2011,22,0
12/21/2011,19,0
12/22/2011,19,0
12/23/2011,23,0
12/24/2011,26,0
12/25/2011,25,0
12/26/2011,23,0
12/27/2011,23,0
12/28/2011,24,0
12/29/2011,24,0
12/30/2011,20,0
12/31/2011,18,0
1/1/2012,18,0
1/2/2012,25,0
1/3/2012,31,0
1/4/2012,29,0
1/5/2012,24,0
1/6/2012,19,0
1/7/2012,19,0
1/8/2012,21,0
1/9/2012,22,0
1/10/2012,21,0
1/11/2012,21,0
1/12/2012,24,0
1/13/2012,29,0
1/14/2012,30,0
1/15/2012,31,0
1/16/2012,27,0
1/17/2012,23,0
1/18/2012,28,0
1/19/2012,30,0
1/20/2012,30,0
1/21/2012,28,0
1/22/2012,26,0
1/23/2012,22,0
1/24/2012,20,0
1/25/2012,21,0
1/26/2012,19,0
1/27/2012,18,0
1/28/2012,23,0
1/29/2012,23,0
1/30/2012,22,0
1/31/2012,17,0
2/1/2012,15,0
2/2/2012,18,0
2/3/2012,21,0
2/4/2012,21,0
2/5/2012,23,0
2/6/2012,23,0
2/7/2012,22,0
2/8/2012,25,0
2/9/2012,25,0
2/10/2012,25,0
2/11/2012,30,0
2/12/2012,34,0
2/13/2012,30,0
2/14/2012,26,0
2/15/2012,22,0
2/16/2012,21,0
2/17/2012,20,0
2/18/2012,22,0
2/19/2012,24,0
2/20/2012,24,0
2/21/2012,22,0
2/22/2012,16,0
2/23/2012,15,1
2/24/2012,18,1
2/25/2012,24,0
2/26/2012,24,0
2/27/2012,22,0
2/28/2012,20,1
2/29/2012,18,1
3/1/2012,17,1
3/2/2012,18,1
3/3/2012,19,1
3/4/2012,21,0
3/5/2012,22,0
3/6/2012,20,0
3/7/2012,15,0
3/8/2012,13,1
3/9/2012,18,0
3/10/2012,20,0
3/11/2012,16,0
3/12/2012,11,0
3/13/2012,8,1
3/14/2012,7,1
3/15/2012,7,2
3/16/2012,7,2
3/17/2012,7,2
3/18/2012,8,2
3/19/2012,7,2
3/20/2012,7,2
3/21/2012,6,2
3/22/2012,5,2
3/23/2012,5,1
3/24/2012,7,1
3/25/2012,9,1
3/26/2012,12,1
3/27/2012,13,1
3/28/2012,9,1
3/29/2012,10,1
3/30/2012,11,2
3/31/2012,11,2
4/1/2012,10,2
4/2/2012,10,3
4/3/2012,9,2
4/4/2012,9,2
4/5/2012,12,1
4/6/2012,14,1
4/7/2012,13,1
4/8/2012,13,0
4/9/2012,10,1
4/10/2012,12,1
4/11/2012,15,1
4/12/2012,14,1
4/13/2012,13,1
4/14/2012,10,1
4/15/2012,5,2
4/16/2012,5,2
4/17/2012,7,2
4/18/2012,8,1
4/19/2012,6,1
4/20/2012,6,1
4/21/2012,7,2
4/22/2012,10,1
4/23/2012,11,1
4/24/2012,10,1
4/25/2012,7,1
4/26/2012,8,2
4/27/2012,10,2
4/28/2012,11,2
4/29/2012,9,3
4/30/2012,7,3
5/1/2012,5,4
5/2/2012,4,5
5/3/2012,4,6
5/4/2012,3,5
5/5/2012,4,5
5/6/2012,4,5
5/7/2012,4,3
5/8/2012,4,3
5/9/2012,4,3
5/10/2012,5,2
5/11/2012,5,2
5/12/2012,4,2
5/13/2012,3,2
5/14/2012,2,2
5/15/2012,1,3
5/16/2012,2,4
5/17/2012,3,3
5/18/2012,3,3
5/19/2012,2,4
5/20/2012,1,5
5/21/2012,2,4
5/22/2012,2,4
5/23/2012,1,5
5/24/2012,2,6
5/25/2012,2,7
5/26/2012,2,8
5/27/2012,2,9
5/28/2012,1,10
5/29/2012,1,9
5/30/2012,2,7
5/31/2012,2,6
6/1/2012,3,5
6/2/2012,2,4
6/3/2012,1,5
6/4/2012,3,5
6/5/2012,4,5
6/6/2012,3,4
6/7/2012,2,4
6/8/2012,1,5
6/9/2012,1,7
6/10/2012,1,8
6/11/2012,1,8
6/12/2012,1,7
6/13/2012,1,6
6/14/2012,1,6
6/15/2012,0,7
6/16/2012,0,8
6/17/2012,0,8
6/18/2012,1,8
6/19/2012,1,10
6/20/2012,0,12
6/21/2012,0,12
6/22/2012,1,11
6/23/2012,1,9
6/24/2012,1,10
6/25/2012,1,9
6/26/2012,1,7
6/27/2012,0,9
6/28/2012,0,12
6/29/2012,0,14
6/30/2012,0,14
7/1/2012,0,14
7/2/2012,0,13
7/3/2012,0,13
7/4/2012,0,14
7/5/2012,0,15
7/6/2012,0,15
7/7/2012,0,16
7/8/2012,0,14
7/9/2012,0,12
7/10/2012,0,11
7/11/2012,0,11
7/12/2012,0,11
7/13/2012,0,12
7/14/2012,0,12
7/15/2012,0,13
7/16/2012,0,13
7/17/2012,0,14
7/18/2012,0,15
7/19/2012,0,13
7/20/2012,0,11
7/21/2012,0,11
7/22/2012,0,12
7/23/2012,0,14
7/24/2012,0,14
7/25/2012,0,13
7/26/2012,0,13
7/27/2012,0,13
7/28/2012,0,12
7/29/2012,0,11
7/30/2012,0,12
7/31/2012,0,12
8/1/2012,0,13
8/2/2012,0,14
8/3/2012,0,14
8/4/2012,0,14
8/5/2012,0,14
8/6/2012,0,12
8/7/2012,0,12
8/8/2012,0,13
8/9/2012,0,12
8/10/2012,0,11
8/11/2012,0,10
8/12/2012,0,10
8/13/2012,0,10
8/14/2012,0,10
8/15/2012,0,11
8/16/2012,0,11
8/17/2012,0,10
8/18/2012,1,8
8/19/2012,0,7
8/20/2012,0,7
8/21/2012,0,7
8/22/2012,0,7
8/23/2012,0,9
8/24/2012,0,10
8/25/2012,0,9
8/26/2012,0,9
8/27/2012,0,10
8/28/2012,0,11
8/29/2012,0,10
8/30/2012,0,10
8/31/2012,0,11
9/1/2012,0,11
9/2/2012,0,11
9/3/2012,0,11
9/4/2012,0,12
9/5/2012,0,12
9/6/2012,0,11
9/7/2012,0,10
9/8/2012,1,8
9/9/2012,1,5
9/10/2012,2,4
9/11/2012,2,4
9/12/2012,1,5
9/13/2012,1,5
9/14/2012,1,5
9/15/2012,2,5
9/16/2012,2,4
9/17/2012,2,4
9/18/2012,3,4
9/19/2012,4,3
9/20/2012,4,4
9/21/2012,3,4
9/22/2012,3,5
9/23/2012,6,4
9/24/2012,6,3
9/25/2012,5,3
9/26/2012,3,4
9/27/2012,3,5
9/28/2012,3,5
9/29/2012,3,4
9/30/2012,4,4
10/1/2012,5,4
10/2/2012,3,4
10/3/2012,2,4
10/4/2012,3,4
10/5/2012,5,3
10/6/2012,8,2
10/7/2012,12,1
10/8/2012,13,1
10/9/2012,11,1
10/10/2012,10,1
10/11/2012,10,2
10/12/2012,11,2
10/13/2012,10,2
10/14/2012,5,2
10/15/2012,5,2
10/16/2012,7,2
10/17/2012,7,2
10/18/2012,8,2
10/19/2012,8,1
10/20/2012,8,1
10/21/2012,8,1
10/22/2012,8,2
10/23/2012,7,2
10/24/2012,6,2
10/25/2012,6,2
10/26/2012,10,1
10/27/2012,12,1
10/28/2012,13,1
10/29/2012,13,0
10/30/2012,14,0
10/31/2012,14,0
11/1/2012,14,0
11/2/2012,14,1
11/3/2012,14,1
11/4/2012,15,1
11/5/2012,16,1
11/6/2012,18,1
11/7/2012,18,0
11/8/2012,18,0
11/9/2012,16,0
11/10/2012,14,1
11/11/2012,13,1
11/12/2012,16,0
11/13/2012,20,0
11/14/2012,21,0
11/15/2012,21,0
11/16/2012,20,0
11/17/2012,18,0
11/18/2012,17,0
11/19/2012,16,0
11/20/2012,15,0
11/21/2012,14,0
11/22/2012,14,0
11/23/2012,17,0
11/24/2012,22,0
11/25/2012,22,0
11/26/2012,21,0
11/27/2012,24,0
11/28/2012,23,0
11/29/2012,21,0
11/30/2012,19,0
12/1/2012,16,1
12/2/2012,13,1
12/3/2012,10,1
12/4/2012,11,0
12/5/2012,15,0
12/6/2012,19,0
12/7/2012,19,0
12/8/2012,17,1
12/9/2012,17,1
12/10/2012,19,0
12/11/2012,23,0
12/12/2012,25,0
12/13/2012,24,0
12/14/2012,23,0
12/15/2012,22,0
12/16/2012,19,0
12/17/2012,18,0
12/18/2012,19,0
12/19/2012,21,0
12/20/2012,23,0
12/21/2012,26,0
12/22/2012,27,0
12/23/2012,26,0
12/24/2012,26,0
12/25/2012,27,0
12/26/2012,29,0
12/27/2012,30,0
12/28/2012,30,0
12/29/2012,31,0
12/30/2012,32,0
12/31/2012,30,0
1/1/2013,30,0
1/2/2013,32,0
1/3/2013,33,0
1/4/2013,31,0
1/5/2013,29,0
1/6/2013,27,0
1/7/2013,27,0
1/8/2013,25,0
1/9/2013,21,0
1/10/2013,21,1
1/11/2013,20,0
1/12/2013,19,1
1/13/2013,23,1
1/14/2013,27,0
1/15/2013,30,0
1/16/2013,27,0
1/17/2013,25,0
1/18/2013,27,0
1/19/2013,23,0
1/20/2013,24,0
1/21/2013,30,0
1/22/2013,34,0
1/23/2013,33,0
1/24/2013,32,0
1/25/2013,31,0
1/26/2013,29,0
1/27/2013,27,0
1/28/2013,23,1
1/29/2013,17,1
1/30/2013,16,0
1/31/2013,24,0
2/1/2013,31,0
2/2/2013,31,0
2/3/2013,29,0
2/4/2013,28,0
2/5/2013,26,0
2/6/2013,23,0
2/7/2013,24,0
2/8/2013,25,0
2/9/2013,27,0
2/10/2013,25,0
2/11/2013,23,0
2/12/2013,23,0
2/13/2013,24,1
2/14/2013,23,0
2/15/2013,23,0
2/16/2013,27,0
2/17/2013,30,0
2/18/2013,26,0
2/19/2013,28,0
2/20/2013,31,0
2/21/2013,29,0
2/22/2013,28,0
2/23/2013,25,1
2/24/2013,24,0
2/25/2013,25,0
2/26/2013,25,1
2/27/2013,23,0
2/28/2013,23,0
3/1/2013,24,0
3/2/2013,26,0
3/3/2013,27,0
3/4/2013,25,0
3/5/2013,23,0
3/6/2013,25,0
3/7/2013,24,0
3/8/2013,23,0
3/9/2013,19,0
3/10/2013,17,0
3/11/2013,17,0
3/12/2013,18,0
3/13/2013,20,0
3/14/2013,21,0
3/15/2013,18,0
3/16/2013,17,0
3/17/2013,20,0
3/18/2013,21,1
3/19/2013,20,1
3/20/2013,22,0
3/21/2013,25,0
3/22/2013,24,0
3/23/2013,22,1
3/24/2013,23,1
3/25/2013,24,0
3/26/2013,23,0
3/27/2013,21,0
3/28/2013,18,0
3/29/2013,15,0
3/30/2013,13,0
3/31/2013,12,1
4/1/2013,15,1
4/2/2013,19,0
4/3/2013,19,0
4/4/2013,18,0
4/5/2013,15,0
4/6/2013,14,0
4/7/2013,11,0
4/8/2013,8,1
4/9/2013,8,2
4/10/2013,9,3
4/11/2013,11,2
4/12/2013,14,1
4/13/2013,13,1
4/14/2013,12,1
4/15/2013,11,1
4/16/2013,10,2
4/17/2013,9,3
4/18/2013,9,2
4/19/2013,10,1
4/20/2013,14,1
4/21/2013,14,1
4/22/2013,11,1
4/23/2013,12,1
4/24/2013,11,1
4/25/2013,12,0
4/26/2013,10,1
4/27/2013,8,1
4/28/2013,7,2
4/29/2013,5,2
4/30/2013,4,2
5/1/2013,5,2
5/2/2013,7,1
5/3/2013,8,1
5/4/2013,8,1
5/5/2013,9,1
5/6/2013,7,0
5/7/2013,5,0
5/8/2013,3,1
5/9/2013,3,1
5/10/2013,3,2
5/11/2013,4,3
5/12/2013,7,3
5/13/2013,9,2
5/14/2013,6,2
5/15/2013,3,3
5/16/2013,2,4
5/17/2013,3,4
5/18/2013,3,4
5/19/2013,2,5
5/20/2013,1,7
5/21/2013,2,7
5/22/2013,3,5
5/23/2013,3,4
5/24/2013,6,3
5/25/2013,8,2
5/26/2013,6,3
5/27/2013,5,3
5/28/2013,3,4
5/29/2013,1,6
5/30/2013,1,8
5/31/2013,1,9
6/1/2013,1,9
6/2/2013,1,7
6/3/2013,2,6
6/4/2013,2,5
6/5/2013,2,5
6/6/2013,2,5
6/7/2013,2,5
6/8/2013,1,6
6/9/2013,1,6
6/10/2013,1,7
6/11/2013,1,9
6/12/2013,1,10
6/13/2013,1,9
6/14/2013,1,6
6/15/2013,1,6
6/16/2013,0,8
6/17/2013,0,9
6/18/2013,1,7
6/19/2013,1,6
6/20/2013,1,7
6/21/2013,0,8
6/22/2013,0,9
6/23/2013,0,10
6/24/2013,0,11
6/25/2013,0,12
6/26/2013,0,12
6/27/2013,0,12
6/28/2013,0,13
6/29/2013,0,11
6/30/2013,0,11
7/1/2013,0,10
7/2/2013,0,10
7/3/2013,0,10
7/4/2013,0,11
7/5/2013,0,12
7/6/2013,0,12
7/7/2013,0,13
7/8/2013,0,13
7/9/2013,0,13
7/10/2013,0,13
7/11/2013,0,11
7/12/2013,0,9
7/13/2013,0,10
7/14/2013,0,12
7/15/2013,0,13
7/16/2013,0,13
7/17/2013,0,14
7/18/2013,0,15
7/19/2013,0,15
7/20/2013,0,13
7/21/2013,0,11
7/22/2013,0,12
7/23/2013,0,12
7/24/2013,0,10
7/25/2013,0,8
7/26/2013,0,8
7/27/2013,1,8
7/28/2013,1,8
7/29/2013,1,8
7/30/2013,0,8
7/31/2013,0,8
8/1/2013,0,9
8/2/2013,0,10
8/3/2013,0,10
8/4/2013,0,9
8/5/2013,0,9
8/6/2013,0,9
8/7/2013,0,10
8/8/2013,0,10
8/9/2013,0,11
8/10/2013,0,10
8/11/2013,0,9
8/12/2013,0,10
8/13/2013,0,9
8/14/2013,1,7
8/15/2013,1,6
8/16/2013,0,6
8/17/2013,0,6
8/18/2013,0,7
8/19/2013,0,8
8/20/2013,0,10
8/21/2013,0,11
8/22/2013,0,11
8/23/2013,0,10
8/24/2013,0,9
8/25/2013,0,9
8/26/2013,0,9
8/27/2013,0,11
8/28/2013,0,11
8/29/2013,0,12
8/30/2013,0,13
8/31/2013,0,13
9/1/2013,0,12
9/2/2013,0,11
9/3/2013,0,9
9/4/2013,0,9
9/5/2013,1,8
9/6/2013,2,8
9/7/2013,1,8
9/8/2013,0,9
9/9/2013,1,9
9/10/2013,0,10
9/11/2013,0,12
9/12/2013,0,10
9/13/2013,2,7
9/14/2013,4,5
9/15/2013,4,5
9/16/2013,3,5
9/17/2013,5,5
9/18/2013,3,5
9/19/2013,2,6
9/20/2013,1,5
9/21/2013,2,3
9/22/2013,3,3
9/23/2013,5,3
9/24/2013,5,3
9/25/2013,4,3
9/26/2013,3,3
9/27/2013,3,3
9/28/2013,3,3
9/29/2013,4,2
9/30/2013,3,3
10/1/2013,2,3
10/2/2013,2,5
10/3/2013,2,5
10/4/2013,3,6
10/5/2013,3,6
10/6/2013,4,4
10/7/2013,4,3
10/8/2013,6,1
10/9/2013,7,1
10/10/2013,7,1
10/11/2013,5,2
10/12/2013,4,2
10/13/2013,6,2
10/14/2013,7,2
10/15/2013,7,2
10/16/2013,7,1
10/17/2013,7,1
10/18/2013,9,1
10/19/2013,11,1
10/20/2013,11,1
10/21/2013,11,1
10/22/2013,11,1
10/23/2013,14,1
10/24/2013,15,0
10/25/2013,16,0
10/26/2013,15,1
10/27/2013,14,0
10/28/2013,14,1
10/29/2013,14,1
10/30/2013,11,1
10/31/2013,8,2
11/1/2013,8,1
11/2/2013,11,1
11/3/2013,16,0
11/4/2013,18,0
11/5/2013,15,1
11/6/2013,12,1
11/7/2013,13,1
11/8/2013,18,0
11/9/2013,16,0
11/10/2013,14,1
11/11/2013,15,1
11/12/2013,21,0
11/13/2013,24,0
11/14/2013,20,0
11/15/2013,18,0
11/16/2013,13,1
11/17/2013,10,2
11/18/2013,12,1
11/19/2013,18,0
11/20/2013,20,0
11/21/2013,19,1
11/22/2013,19,1
11/23/2013,23,0
11/24/2013,31,0
11/25/2013,30,0
11/26/2013,25,0
11/27/2013,25,0
11/28/2013,29,0
11/29/2013,27,0
11/30/2013,25,0
12/1/2013,21,0
12/2/2013,19,0
12/3/2013,18,0
12/4/2013,18,1
12/5/2013,21,1
12/6/2013,27,1
12/7/2013,33,0
12/8/2013,34,0
12/9/2013,32,1
12/10/2013,32,0
12/11/2013,33,0
12/12/2013,34,0
12/13/2013,32,0
12/14/2013,29,0
12/15/2013,28,0
12/16/2013,28,0
12/17/2013,27,0
12/18/2013,26,0
12/19/2013,24,0
12/20/2013,21,0
12/21/2013,18,1
12/22/2013,18,1
12/23/2013,23,1
12/24/2013,30,0
12/25/2013,32,0
12/26/2013,28,0
12/27/2013,25,0
12/28/2013,23,0
12/29/2013,24,0
12/30/2013,29,0
12/31/2013,31,0
1/1/2014,30,0
1/2/2014,31,0
1/3/2014,37,0
1/4/2014,34,0
1/5/2014,29,0
1/6/2014,36,0
1/7/2014,45,0
1/8/2014,39,0
1/9/2014,32,0
1/10/2014,25,0
1/11/2014,18,1
1/12/2014,20,0
1/13/2014,20,0
1/14/2014,21,0
1/15/2014,25,0
1/16/2014,26,0
1/17/2014,27,0
1/18/2014,29,0
1/19/2014,26,0
1/20/2014,23,0
1/21/2014,32,0
1/22/2014,38,0
1/23/2014,40,0
1/24/2014,39,0
1/25/2014,32,0
1/26/2014,29,0
1/27/2014,31,0
1/28/2014,40,0
1/29/2014,38,0
1/30/2014,35,0
1/31/2014,30,0
2/1/2014,26,0
2/2/2014,27,0
2/3/2014,31,0
2/4/2014,33,0
2/5/2014,33,1
2/6/2014,39,0
2/7/2014,38,0
2/8/2014,34,0
2/9/2014,31,0
2/10/2014,34,0
2/11/2014,37,0
2/12/2014,35,0
2/13/2014,29,0
2/14/2014,26,0
2/15/2014,27,0
2/16/2014,27,0
2/17/2014,26,0
2/18/2014,22,0
2/19/2014,19,0
2/20/2014,17,1
2/21/2014,19,0
2/22/2014,20,0
2/23/2014,21,1
2/24/2014,24,0
2/25/2014,27,0
2/26/2014,32,0
2/27/2014,33,0
2/28/2014,32,0
3/1/2014,28,0
3/2/2014,28,0
3/3/2014,34,0
3/4/2014,34,0
3/5/2014,29,0
3/6/2014,27,0
3/7/2014,24,0
3/8/2014,21,0
3/9/2014,20,0
3/10/2014,16,0
3/11/2014,12,0
3/12/2014,17,0
3/13/2014,26,0
3/14/2014,21,0
3/15/2014,16,0
3/16/2014,21,1
3/17/2014,25,0
3/18/2014,22,0
3/19/2014,19,0
3/20/2014,17,0
3/21/2014,16,0
3/22/2014,17,1
3/23/2014,21,0
3/24/2014,25,0
3/25/2014,25,0
3/26/2014,26,0
3/27/2014,21,0
3/28/2014,16,1
3/29/2014,15,1
3/30/2014,16,0
3/31/2014,14,0
4/1/2014,14,1
4/2/2014,14,1
4/3/2014,13,2
4/4/2014,14,1
4/5/2014,15,1
4/6/2014,15,1
4/7/2014,13,1
4/8/2014,11,1
4/9/2014,10,1
4/10/2014,9,1
4/11/2014,7,1
4/12/2014,7,1
4/13/2014,6,1
4/14/2014,9,1
4/15/2014,14,1
4/16/2014,18,0
4/17/2014,15,0
4/18/2014,13,1
4/19/2014,10,1
4/20/2014,8,0
4/21/2014,7,1
4/22/2014,7,1
4/23/2014,10,1
4/24/2014,10,1
4/25/2014,9,2
4/26/2014,9,2
4/27/2014,10,2
4/28/2014,9,2
4/29/2014,9,2
4/30/2014,9,2
5/1/2014,8,2
5/2/2014,8,2
5/3/2014,6,2
5/4/2014,6,2
5/5/2014,7,3
5/6/2014,7,3
5/7/2014,6,3
5/8/2014,4,4
5/9/2014,4,4
5/10/2014,3,4
5/11/2014,3,5
5/12/2014,2,5
5/13/2014,3,5
5/14/2014,5,4
5/15/2014,5,3
5/16/2014,7,2
5/17/2014,7,2
5/18/2014,7,2
5/19/2014,5,2
5/20/2014,3,3
5/21/2014,2,4
5/22/2014,2,4
5/23/2014,2,4
5/24/2014,2,4
5/25/2014,1,5
5/26/2014,1,6
5/27/2014,1,7
5/28/2014,2,6
5/29/2014,3,5
5/30/2014,1,5
5/31/2014,1,6
6/1/2014,1,6
6/2/2014,1,6
6/3/2014,0,8
6/4/2014,1,7
6/5/2014,1,6
6/6/2014,1,6
6/7/2014,1,6
6/8/2014,1,6
6/9/2014,1,6
6/10/2014,1,7
6/11/2014,1,6
6/12/2014,1,6
6/13/2014,1,6
6/14/2014,2,5
6/15/2014,1,6
6/16/2014,1,8
6/17/2014,1,10
6/18/2014,1,11
6/19/2014,0,9
6/20/2014,1,9
6/21/2014,1,8
6/22/2014,0,8
6/23/2014,0,8
6/24/2014,0,9
6/25/2014,0,10
6/26/2014,0,9
6/27/2014,0,9
6/28/2014,0,10
6/29/2014,0,10
6/30/2014,0,11
7/1/2014,0,12
7/2/2014,0,12
7/3/2014,0,10
7/4/2014,0,8
7/5/2014,0,8
7/6/2014,0,9
7/7/2014,0,12
7/8/2014,0,12
7/9/2014,0,11
7/10/2014,0,9
7/11/2014,0,9
7/12/2014,0,11
7/13/2014,0,12
7/14/2014,0,12
7/15/2014,1,10
7/16/2014,1,7
7/17/2014,0,6
7/18/2014,0,6
7/19/2014,0,6
7/20/2014,0,9
7/21/2014,0,10
7/22/2014,0,12
7/23/2014,0,12
7/24/2014,0,10
7/25/2014,0,9
7/26/2014,0,11
7/27/2014,0,12
7/28/2014,0,10
7/29/2014,1,7
7/30/2014,0,7
7/31/2014,0,8
8/1/2014,0,9
8/2/2014,0,8
8/3/2014,0,9
8/4/2014,0,9
8/5/2014,0,10
8/6/2014,0,10
8/7/2014,0,9
8/8/2014,0,9
8/9/2014,0,9
8/10/2014,0,10
8/11/2014,0,10
8/12/2014,0,9
8/13/2014,0,8
8/14/2014,1,7
8/15/2014,1,7
8/16/2014,0,8
8/17/2014,0,9
8/18/2014,0,10
8/19/2014,0,10
8/20/2014,0,10
8/21/2014,0,11
8/22/2014,0,11
8/23/2014,0,10
8/24/2014,0,10
8/25/2014,0,10
8/26/2014,0,10
8/27/2014,0,10
8/28/2014,0,9
8/29/2014,0,9
8/30/2014,0,9
8/31/2014,0,11
9/1/2014,0,12
9/2/2014,0,12
9/3/2014,0,10
9/4/2014,0,10
9/5/2014,0,11
9/6/2014,0,10
9/7/2014,0,7
9/8/2014,1,6
9/9/2014,1,7
9/10/2014,1,8
9/11/2014,3,8
9/12/2014,4,6
9/13/2014,5,5
9/14/2014,5,5
9/15/2014,4,5
9/16/2014,4,6
9/17/2014,3,6
9/18/2014,3,5
9/19/2014,3,5
9/20/2014,1,5
9/21/2014,1,6
9/22/2014,2,4
9/23/2014,4,3
9/24/2014,4,3
9/25/2014,2,3
9/26/2014,1,4
9/27/2014,1,3
9/28/2014,1,4
9/29/2014,1,4
9/30/2014,3,4
10/1/2014,3,4
10/2/2014,3,5
10/3/2014,4,4
10/4/2014,8,3
10/5/2014,9,2
10/6/2014,7,3
10/7/2014,4,4
10/8/2014,3,4
10/9/2014,6,4
10/10/2014,8,4
10/11/2014,8,3
10/12/2014,8,3
10/13/2014,6,3
10/14/2014,3,2
10/15/2014,4,2
10/16/2014,4,1
10/17/2014,5,1
10/18/2014,6,1
10/19/2014,9,1
10/20/2014,9,1
10/21/2014,9,1
10/22/2014,10,1
10/23/2014,9,1
10/24/2014,7,1
10/25/2014,6,1
10/26/2014,7,1
10/27/2014,7,1
10/28/2014,6,1
10/29/2014,8,1
10/30/2014,11,1
10/31/2014,15,1
11/1/2014,19,0
11/2/2014,19,0
11/3/2014,15,0
11/4/2014,12,0
11/5/2014,11,1
11/6/2014,11,1
11/7/2014,15,0
11/8/2014,17,0
11/9/2014,15,0
11/10/2014,13,0
11/11/2014,15,0
11/12/2014,20,0
11/13/2014,26,0
11/14/2014,28,0
11/15/2014,28,0
11/16/2014,27,0
11/17/2014,26,0
11/18/2014,31,0
11/19/2014,30,0
11/20/2014,27,0
11/21/2014,26,0
11/22/2014,21,0
11/23/2014,15,1
11/24/2014,13,1
11/25/2014,18,1
11/26/2014,21,0
11/27/2014,24,0
11/28/2014,25,0
11/29/2014,21,0
11/30/2014,17,0
12/1/2014,19,0
12/2/2014,24,0
12/3/2014,21,0
12/4/2014,21,0
12/5/2014,19,1
12/6/2014,18,1
12/7/2014,21,0
12/8/2014,23,0
12/9/2014,22,0
12/10/2014,23,0
12/11/2014,24,0
12/12/2014,23,0
12/13/2014,21,0
12/14/2014,20,0
12/15/2014,19,0
12/16/2014,22,0
12/17/2014,24,0
12/18/2014,26,0
12/19/2014,25,0
12/20/2014,26,0
12/21/2014,23,0
12/22/2014,20,0
12/23/2014,18,0
12/24/2014,17,1
12/25/2014,19,0
12/26/2014,22,0
12/27/2014,21,0
12/28/2014,24,0
12/29/2014,26,0
12/30/2014,32,0
12/31/2014,36,0
1/1/2015,33,0
1/2/2015,29,0
1/3/2015,25,1
1/4/2015,23,1
1/5/2015,30,0
1/6/2015,32,0
1/7/2015,35,0
1/8/2015,40,0
1/9/2015,37,0
1/10/2015,36,0
1/11/2015,32,0
1/12/2015,29,0
1/13/2015,32,0
1/14/2015,34,0
1/15/2015,30,0
1/16/2015,26,0
1/17/2015,26,0
1/18/2015,22,0
1/19/2015,21,0
1/20/2015,23,0
1/21/2015,25,0
1/22/2015,26,0
1/23/2015,26,0
1/24/2015,24,0
1/25/2015,23,0
1/26/2015,26,0
1/27/2015,27,0
1/28/2015,26,0
1/29/2015,26,0
1/30/2015,27,0
1/31/2015,29,0
2/1/2015,27,0
2/2/2015,30,0
2/3/2015,32,0
2/4/2015,28,0
2/5/2015,30,0
2/6/2015,31,0
2/7/2015,24,0
2/8/2015,19,0
2/9/2015,22,0
2/10/2015,24,0
2/11/2015,25,0
2/12/2015,28,0
2/13/2015,32,0
2/14/2015,29,0
2/15/2015,35,0
2/16/2015,36,0
2/17/2015,35,0
2/18/2015,35,0
2/19/2015,39,0
2/20/2015,37,0
2/21/2015,31,0
2/22/2015,28,0
2/23/2015,35,0
2/24/2015,37,0
2/25/2015,33,0
2/26/2015,34,0
2/27/2015,37,0
2/28/2015,36,0
3/1/2015,32,0
3/2/2015,28,0
3/3/2015,26,0
3/4/2015,24,1
3/5/2015,29,1
3/6/2015,33,0
3/7/2015,26,0
3/8/2015,21,0
3/9/2015,18,0
3/10/2015,15,1
3/11/2015,13,1
3/12/2015,14,1
3/13/2015,15,1
3/14/2015,13,1
3/15/2015,12,1
3/16/2015,11,1
3/17/2015,12,1
3/18/2015,17,1
3/19/2015,18,1
3/20/2015,17,1
3/21/2015,15,1
3/22/2015,17,1
3/23/2015,19,1
3/24/2015,18,0
3/25/2015,15,1
3/26/2015,13,1
3/27/2015,17,1
3/28/2015,21,0
3/29/2015,19,0
3/30/2015,14,1
3/31/2015,12,1
4/1/2015,12,1
4/2/2015,11,2
4/3/2015,10,2
4/4/2015,13,1
4/5/2015,14,1
4/6/2015,12,1
4/7/2015,11,2
4/8/2015,11,3
4/9/2015,11,3
4/10/2015,10,2
4/11/2015,10,1
4/12/2015,8,1
4/13/2015,7,2
4/14/2015,8,2
4/15/2015,8,1
4/16/2015,8,1
4/17/2015,5,1
4/18/2015,4,2
4/19/2015,6,2
4/20/2015,8,1
4/21/2015,9,1
4/22/2015,11,1
4/23/2015,13,1
4/24/2015,13,2
4/25/2015,13,2
4/26/2015,11,2
4/27/2015,10,1
4/28/2015,9,1
4/29/2015,7,1
4/30/2015,7,1
5/1/2015,7,1
5/2/2015,5,1
5/3/2015,3,1
5/4/2015,2,2
5/5/2015,3,3
5/6/2015,3,3
5/7/2015,3,3
5/8/2015,3,4
5/9/2015,3,4
5/10/2015,3,5
5/11/2015,3,5
5/12/2015,4,4
5/13/2015,7,2
5/14/2015,7,2
5/15/2015,5,3
5/16/2015,3,4
5/17/2015,2,6
5/18/2015,3,6
5/19/2015,5,5
5/20/2015,7,3
5/21/2015,7,2
5/22/2015,6,2
5/23/2015,5,2
5/24/2015,3,3
5/25/2015,1,5
5/26/2015,1,6
5/27/2015,1,7
5/28/2015,0,7
5/29/2015,0,6
5/30/2015,1,7
5/31/2015,2,6
6/1/2015,4,4
6/2/2015,4,4
6/3/2015,3,3
6/4/2015,2,4
6/5/2015,1,5
6/6/2015,1,5
6/7/2015,1,7
6/8/2015,0,8
6/9/2015,0,9
6/10/2015,0,9
6/11/2015,0,9
6/12/2015,0,10
6/13/2015,0,10
6/14/2015,0,10
6/15/2015,0,11
6/16/2015,0,10
6/17/2015,0,9
6/18/2015,0,10
6/19/2015,0,10
6/20/2015,0,10
6/21/2015,0,11
6/22/2015,0,12
6/23/2015,0,12
6/24/2015,0,10
6/25/2015,0,10
6/26/2015,0,10
6/27/2015,0,8
6/28/2015,1,8
6/29/2015,0,8
6/30/2015,0,10
7/1/2015,0,9
7/2/2015,0,9
7/3/2015,0,8
7/4/2015,0,9
7/5/2015,0,9
7/6/2015,0,10
7/7/2015,0,10
7/8/2015,1,9
7/9/2015,0,9
7/10/2015,0,9
7/11/2015,0,10
7/12/2015,0,11
7/13/2015,0,12
7/14/2015,0,11
7/15/2015,0,10
7/16/2015,0,9
7/17/2015,0,11
7/18/2015,0,12
7/19/2015,0,13
7/20/2015,0,13
7/21/2015,0,12
7/22/2015,0,10
7/23/2015,0,10
7/24/2015,0,10
7/25/2015,0,11
7/26/2015,0,12
7/27/2015,0,12
7/28/2015,0,13
7/29/2015,0,14
7/30/2015,0,14
7/31/2015,0,13
8/1/2015,0,11
8/2/2015,0,11
8/3/2015,0,11
8/4/2015,0,11
8/5/2015,0,11
8/6/2015,0,9
8/7/2015,0,9
8/8/2015,0,10
8/9/2015,0,10
8/10/2015,0,10
8/11/2015,0,11
8/12/2015,0,10
8/13/2015,0,10
8/14/2015,0,11
8/15/2015,0,12
8/16/2015,0,13
8/17/2015,0,12
8/18/2015,0,12
8/19/2015,0,11
8/20/2015,0,9
8/21/2015,0,8
8/22/2015,0,9
8/23/2015,0,9
8/24/2015,1,9
8/25/2015,1,8
8/26/2015,1,7
8/27/2015,1,7
8/28/2015,0,7
8/29/2015,0,8
8/30/2015,0,9
8/31/2015,0,10
9/1/2015,0,11
9/2/2015,0,11
9/3/2015,0,12
9/4/2015,1,11
9/5/2015,1,10
9/6/2015,1,10
9/7/2015,0,11
9/8/2015,0,12
9/9/2015,0,12
9/10/2015,0,10
9/11/2015,1,8
9/12/2015,2,6
9/13/2015,2,5
9/14/2015,2,3
9/15/2015,1,4
9/16/2015,1,5
9/17/2015,1,6
9/18/2015,1,7
9/19/2015,1,6
9/20/2015,2,6
9/21/2015,2,5
9/22/2015,2,5
9/23/2015,1,5
9/24/2015,1,5
9/25/2015,1,5
9/26/2015,1,5
9/27/2015,2,5
9/28/2015,1,6
9/29/2015,1,6
9/30/2015,2,6
10/1/2015,5,4
10/2/2015,7,2
10/3/2015,9,2
10/4/2015,7,1
10/5/2015,5,1
10/6/2015,4,2
10/7/2015,3,3
10/8/2015,3,4
10/9/2015,3,4
10/10/2015,5,4
10/11/2015,4,3
10/12/2015,3,4
10/13/2015,4,4
10/14/2015,5,3
10/15/2015,7,3
10/16/2015,8,2
10/17/2015,12,2
10/18/2015,13,1
10/19/2015,12,1
10/20/2015,7,1
10/21/2015,5,2
10/22/2015,5,2
10/23/2015,7,2
10/24/2015,8,2
10/25/2015,8,1
10/26/2015,10,1
10/27/2015,11,1
10/28/2015,8,2
10/29/2015,8,1
10/30/2015,11,1
10/31/2015,12,2
11/1/2015,8,1
11/2/2015,7,1
11/3/2015,8,1
11/4/2015,8,1
11/5/2015,7,2
11/6/2015,7,2
11/7/2015,10,2
11/8/2015,14,1
11/9/2015,16,1
11/10/2015,14,1
11/11/2015,13,1
11/12/2015,13,1
11/13/2015,14,1
11/14/2015,16,0
11/15/2015,15,0
11/16/2015,14,1
11/17/2015,14,1
11/18/2015,12,1
11/19/2015,12,1
11/20/2015,15,1
11/21/2015,19,1
11/22/2015,22,1
11/23/2015,24,0
11/24/2015,22,0
11/25/2015,19,0
11/26/2015,16,1
11/27/2015,16,1
11/28/2015,19,0
11/29/2015,22,0
11/30/2015,22,0
12/1/2015,20,1
12/2/2015,19,1
12/3/2015,20,0
12/4/2015,21,0
12/5/2015,21,0
12/6/2015,20,0
12/7/2015,19,0
12/8/2015,18,0
12/9/2015,16,0
12/10/2015,14,0
12/11/2015,13,1
12/12/2015,12,1
12/13/2015,12,1
12/14/2015,13,1
12/15/2015,16,1
12/16/2015,19,1
12/17/2015,21,1
12/18/2015,23,0
12/19/2015,27,0
12/20/2015,24,0
12/21/2015,20,0
12/22/2015,15,1
12/23/2015,12,1
12/24/2015,13,1
12/25/2015,15,2
12/26/2015,17,2
12/27/2015,17,2
12/28/2015,23,1
12/29/2015,24,1
12/30/2015,24,1
12/31/2015,24,1
1/1/2016,27,1
1/2/2016,28,0
1/3/2016,27,0
1/4/2016,30,0
1/5/2016,33,0
1/6/2016,30,0
1/7/2016,26,0
1/8/2016,24,0
1/9/2016,23,0
1/10/2016,26,0
1/11/2016,33,0
1/12/2016,32,0
1/13/2016,32,0
1/14/2016,27,0
1/15/2016,24,0
1/16/2016,25,0
1/17/2016,30,0
1/18/2016,36,0
1/19/2016,36,0
1/20/2016,33,0
1/21/2016,30,0
1/22/2016,31,0
1/23/2016,31,0
1/24/2016,30,0
1/25/2016,27,0
1/26/2016,24,0
1/27/2016,24,0
1/28/2016,25,0
1/29/2016,24,0
1/30/2016,21,0
1/31/2016,18,0
2/1/2016,18,0
2/2/2016,20,0
2/3/2016,21,1
2/4/2016,23,0
2/5/2016,27,0
2/6/2016,26,0
2/7/2016,23,0
2/8/2016,24,0
2/9/2016,27,0
2/10/2016,29,0
2/11/2016,29,0
2/12/2016,29,0
2/13/2016,32,0
2/14/2016,34,0
2/15/2016,26,0
2/16/2016,21,0
2/17/2016,21,0
2/18/2016,22,0
2/19/2016,19,0
2/20/2016,14,0
2/21/2016,15,0
2/22/2016,18,0
2/23/2016,19,0
2/24/2016,17,0
2/25/2016,19,0
2/26/2016,23,0
2/27/2016,21,0
2/28/2016,15,0
2/29/2016,14,0
3/1/2016,17,0
3/2/2016,20,0
3/3/2016,23,0
3/4/2016,22,0
3/5/2016,21,0
3/6/2016,18,0
3/7/2016,15,0
3/8/2016,10,1
3/9/2016,9,1
3/10/2016,8,1
3/11/2016,10,1
3/12/2016,12,1
3/13/2016,11,1
3/14/2016,10,1
3/15/2016,10,2
3/16/2016,9,1
3/17/2016,11,1
3/18/2016,14,1
3/19/2016,18,0
3/20/2016,20,1
3/21/2016,20,0
3/22/2016,16,0
3/23/2016,12,0
3/24/2016,12,0
3/25/2016,14,0
3/26/2016,15,1
3/27/2016,13,1
3/28/2016,13,1
3/29/2016,15,1
3/30/2016,13,1
3/31/2016,10,2
4/1/2016,9,1
4/2/2016,13,1
4/3/2016,15,0
4/4/2016,14,0
4/5/2016,16,0
4/6/2016,15,1
4/7/2016,12,1
4/8/2016,15,0
4/9/2016,18,0
4/10/2016,16,0
4/11/2016,12,1
4/12/2016,12,1
4/13/2016,13,1
4/14/2016,11,1
4/15/2016,10,1
4/16/2016,8,1
4/17/2016,6,1
4/18/2016,4,1
4/19/2016,5,1
4/20/2016,5,1
4/21/2016,5,1
4/22/2016,5,1
4/23/2016,6,1
4/24/2016,8,1
4/25/2016,6,2
4/26/2016,7,3
4/27/2016,9,2
4/28/2016,10,3
4/29/2016,10,3
4/30/2016,9,2
5/1/2016,8,2
5/2/2016,7,2
5/3/2016,7,2
5/4/2016,8,1
5/5/2016,9,1
5/6/2016,7,1
5/7/2016,6,1
5/8/2016,6,1
5/9/2016,6,2
5/10/2016,6,3
5/11/2016,4,4
5/12/2016,2,4
5/13/2016,3,3
5/14/2016,7,2
5/15/2016,10,1
5/16/2016,9,2
5/17/2016,7,2
5/18/2016,6,2
5/19/2016,5,2
5/20/2016,5,2
5/21/2016,5,3
5/22/2016,4,3
5/23/2016,3,2
5/24/2016,2,4
5/25/2016,2,5
5/26/2016,1,6
5/27/2016,1,7
5/28/2016,1,8
5/29/2016,1,7
5/30/2016,1,7
5/31/2016,1,8
6/1/2016,0,7
6/2/2016,1,7
6/3/2016,0,8
6/4/2016,0,8
6/5/2016,0,8
6/6/2016,0,8
6/7/2016,1,7
6/8/2016,2,6
6/9/2016,2,5
6/10/2016,1,7
6/11/2016,1,9
6/12/2016,1,9
6/13/2016,1,7
6/14/2016,1,8
6/15/2016,1,9
6/16/2016,1,9
6/17/2016,1,9
6/18/2016,1,9
6/19/2016,0,10
6/20/2016,0,11
6/21/2016,0,11
6/22/2016,0,10
6/23/2016,0,10
6/24/2016,0,10
6/25/2016,0,11
6/26/2016,0,12
6/27/2016,0,12
6/28/2016,0,11
6/29/2016,0,9
6/30/2016,0,9
7/1/2016,0,9
7/2/2016,0,8
7/3/2016,0,8
7/4/2016,0,9
7/5/2016,0,12
7/6/2016,0,13
7/7/2016,0,13
7/8/2016,0,13
7/9/2016,0,11
7/10/2016,0,10
7/11/2016,0,10
7/12/2016,0,11
7/13/2016,0,13
7/14/2016,0,13
7/15/2016,0,12
7/16/2016,0,11
7/17/2016,0,12
7/18/2016,0,13
7/19/2016,0,12
7/20/2016,0,12
7/21/2016,0,14
7/22/2016,0,15
7/23/2016,0,16
7/24/2016,0,15
7/25/2016,0,15
7/26/2016,0,14
7/27/2016,0,14
7/28/2016,0,14
7/29/2016,0,13
7/30/2016,0,13
7/31/2016,0,12
8/1/2016,0,12
8/2/2016,0,12
8/3/2016,0,12
8/4/2016,0,12
8/5/2016,0,12
8/6/2016,0,12
8/7/2016,0,11
8/8/2016,0,11
8/9/2016,0,12
8/10/2016,0,13
8/11/2016,0,14
8/12/2016,0,14
8/13/2016,0,14
8/14/2016,0,13
8/15/2016,0,12
8/16/2016,0,13
8/17/2016,0,13
8/18/2016,0,12
8/19/2016,0,12
8/20/2016,0,11
8/21/2016,0,10
8/22/2016,0,9
8/23/2016,0,9
8/24/2016,0,10
8/25/2016,0,11
8/26/2016,0,11
8/27/2016,0,11
8/28/2016,0,12
8/29/2016,0,12
8/30/2016,0,11
8/31/2016,0,11
9/1/2016,0,9
9/2/2016,0,7
9/3/2016,0,7
9/4/2016,0,8
9/5/2016,0,9
9/6/2016,0,10
9/7/2016,0,11
9/8/2016,0,12
9/9/2016,0,12
9/10/2016,0,11
9/11/2016,0,9
9/12/2016,1,7
9/13/2016,1,7
9/14/2016,1,8
9/15/2016,1,7
9/16/2016,1,7
9/17/2016,1,8
9/18/2016,0,9
9/19/2016,0,10
9/20/2016,0,10
9/21/2016,1,9
9/22/2016,1,8
9/23/2016,1,8
9/24/2016,1,7
9/25/2016,1,7
9/26/2016,2,6
9/27/2016,1,5
9/28/2016,2,5
9/29/2016,2,4
9/30/2016,2,3
10/1/2016,2,3
10/2/2016,2,3
10/3/2016,2,4
10/4/2016,2,4
10/5/2016,2,4
10/6/2016,2,5
10/7/2016,2,4
10/8/2016,3,4
10/9/2016,4,3
10/10/2016,4,2
10/11/2016,4,2
10/12/2016,4,3
10/13/2016,5,2
10/14/2016,5,2
10/15/2016,4,3
10/16/2016,3,4
10/17/2016,2,6
10/18/2016,2,7
10/19/2016,3,5
10/20/2016,5,4
10/21/2016,6,2
10/22/2016,10,1
10/23/2016,8,1
10/24/2016,8,1
10/25/2016,11,1
10/26/2016,11,1
10/27/2016,10,2
10/28/2016,8,2
10/29/2016,6,2
10/30/2016,6,2
10/31/2016,9,2
11/1/2016,8,2
11/2/2016,6,2
11/3/2016,5,2
11/4/2016,8,2
11/5/2016,10,1
11/6/2016,10,1
11/7/2016,10,1
11/8/2016,10,1
11/9/2016,11,1
11/10/2016,12,1
11/11/2016,12,0
11/12/2016,16,0
11/13/2016,14,0
11/14/2016,13,0
11/15/2016,12,0
11/16/2016,12,0
11/17/2016,12,0
11/18/2016,11,1
11/19/2016,17,0
11/20/2016,22,0
11/21/2016,22,0
11/22/2016,21,0
11/23/2016,20,0
11/24/2016,18,0
11/25/2016,16,0
11/26/2016,18,0
11/27/2016,20,0
11/28/2016,18,0
11/29/2016,15,1
11/30/2016,15,1
12/1/2016,19,0
12/2/2016,22,0
12/3/2016,22,0
12/4/2016,22,0
12/5/2016,22,1
12/6/2016,23,1
12/7/2016,25,0
12/8/2016,28,0
12/9/2016,30,0
12/10/2016,30,0
12/11/2016,26,0
12/12/2016,24,0
12/13/2016,25,1
12/14/2016,27,0
12/15/2016,32,0
12/16/2016,32,0
12/17/2016,28,1
12/18/2016,30,1
12/19/2016,36,1
12/20/2016,31,0
12/21/2016,26,0
12/22/2016,23,0
12/23/2016,23,0
12/24/2016,21,1
12/25/2016,19,1
12/26/2016,19,1
12/27/2016,19,1
12/28/2016,21,1
12/29/2016,21,1
12/30/2016,25,0
12/31/2016,26,0
1/1/2017,24,0
1/2/2017,23,1
1/3/2017,21,1
1/4/2017,26,0
1/5/2017,33,0
1/6/2017,38,0
1/7/2017,40,0
1/8/2017,39,0
1/9/2017,34,0
1/10/2017,25,0
1/11/2017,20,0
1/12/2017,18,1
1/13/2017,23,1
1/14/2017,26,0
1/15/2017,25,0
1/16/2017,23,0
1/17/2017,21,0
1/18/2017,20,0
1/19/2017,19,0
1/20/2017,18,0
1/21/2017,16,1
1/22/2017,17,1
1/23/2017,19,0
1/24/2017,21,0
1/25/2017,21,0
1/26/2017,23,0
1/27/2017,27,0
1/28/2017,27,0
1/29/2017,26,0
1/30/2017,25,0
1/31/2017,24,0
2/1/2017,22,0
2/2/2017,25,0
2/3/2017,28,0
2/4/2017,29,0
2/5/2017,24,0
2/6/2017,20,0
2/7/2017,17,1
2/8/2017,17,1
2/9/2017,24,0
2/10/2017,24,0
2/11/2017,18,1
2/12/2017,16,1
2/13/2017,20,0
2/14/2017,21,0
2/15/2017,21,0
2/16/2017,23,0
2/17/2017,19,0
2/18/2017,15,0
2/19/2017,13,1
2/20/2017,14,0
2/21/2017,14,0
2/22/2017,12,0
2/23/2017,12,1
2/24/2017,13,1
2/25/2017,18,0
2/26/2017,24,0
2/27/2017,20,1
2/28/2017,15,1
3/1/2017,13,1
3/2/2017,20,0
3/3/2017,24,0
3/4/2017,25,0
3/5/2017,22,0
3/6/2017,18,1
3/7/2017,15,1
3/8/2017,13,0
3/9/2017,13,1
3/10/2017,19,1
3/11/2017,25,0
3/12/2017,25,0
3/13/2017,25,0
3/14/2017,25,0
3/15/2017,27,0
3/16/2017,23,0
3/17/2017,19,1
3/18/2017,17,1
3/19/2017,15,1
3/20/2017,14,1
3/21/2017,12,1
3/22/2017,18,1
3/23/2017,19,1
3/24/2017,14,1
3/25/2017,11,1
3/26/2017,13,1
3/27/2017,11,1
3/28/2017,11,2
3/29/2017,11,1
3/30/2017,13,1
3/31/2017,14,1
4/1/2017,13,1
4/2/2017,11,1
4/3/2017,10,1
4/4/2017,9,2
4/5/2017,10,1
4/6/2017,12,1
4/7/2017,14,0
4/8/2017,13,0
4/9/2017,10,1
4/10/2017,7,1
4/11/2017,6,1
4/12/2017,7,1
4/13/2017,8,1
4/14/2017,8,2
4/15/2017,5,2
4/16/2017,3,3
4/17/2017,5,2
4/18/2017,6,2
4/19/2017,7,2
4/20/2017,5,3
4/21/2017,7,3
4/22/2017,9,2
4/23/2017,9,1
4/24/2017,9,1
4/25/2017,7,1
4/26/2017,5,2
4/27/2017,6,2
4/28/2017,6,3
4/29/2017,6,5
4/30/2017,7,3
5/1/2017,6,3
5/2/2017,6,2
5/3/2017,7,2
5/4/2017,8,2
5/5/2017,7,1
5/6/2017,8,1
5/7/2017,9,1
5/8/2017,9,1
5/9/2017,8,2
5/10/2017,6,3
5/11/2017,6,3
5/12/2017,7,2
5/13/2017,6,2
5/14/2017,5,2
5/15/2017,5,3
5/16/2017,4,4
5/17/2017,3,6
5/18/2017,2,8
5/19/2017,4,7
5/20/2017,4,5
5/21/2017,4,4
5/22/2017,4,3
5/23/2017,3,3
5/24/2017,3,3
5/25/2017,4,2
5/26/2017,3,3
5/27/2017,2,5
5/28/2017,1,5
5/29/2017,2,5
5/30/2017,3,4
5/31/2017,2,5
6/1/2017,1,4
6/2/2017,1,5
6/3/2017,2,6
6/4/2017,2,7
6/5/2017,1,6
6/6/2017,2,5
6/7/2017,2,4
6/8/2017,2,3
6/9/2017,1,4
6/10/2017,1,7
6/11/2017,1,9
6/12/2017,1,11
6/13/2017,1,11
6/14/2017,1,10
6/15/2017,1,9
6/16/2017,1,10
6/17/2017,0,11
6/18/2017,0,12
6/19/2017,0,11
6/20/2017,0,10
6/21/2017,0,10
6/22/2017,0,10
6/23/2017,0,11
6/24/2017,0,10
6/25/2017,1,8
6/26/2017,1,6
6/27/2017,1,6
6/28/2017,1,6
6/29/2017,0,8
6/30/2017,0,10
7/1/2017,0,11
7/2/2017,0,11
7/3/2017,0,11
7/4/2017,0,11
7/5/2017,0,11
7/6/2017,0,12
7/7/2017,0,13
7/8/2017,0,12
7/9/2017,0,10
7/10/2017,0,11
7/11/2017,0,12
7/12/2017,0,13
7/13/2017,0,13
7/14/2017,0,11
7/15/2017,0,11
7/16/2017,0,11
7/17/2017,0,11
7/18/2017,0,12
7/19/2017,0,13
7/20/2017,0,14
7/21/2017,0,14
7/22/2017,0,14
7/23/2017,0,14
7/24/2017,0,11
7/25/2017,0,10
7/26/2017,0,10
7/27/2017,0,11
7/28/2017,0,11
7/29/2017,0,9
7/30/2017,0,9
7/31/2017,0,9
8/1/2017,0,11
8/2/2017,0,11
8/3/2017,0,11
8/4/2017,0,10
8/5/2017,0,9
8/6/2017,0,7
8/7/2017,0,7
8/8/2017,0,8
8/9/2017,0,8
8/10/2017,0,9
8/11/2017,0,9
8/12/2017,0,9
8/13/2017,0,9
8/14/2017,0,8
8/15/2017,0,9
8/16/2017,0,11
8/17/2017,0,11
8/18/2017,0,11
8/19/2017,0,11
8/20/2017,0,11
8/21/2017,0,11
8/22/2017,0,12
8/23/2017,0,9
8/24/2017,1,7
8/25/2017,1,6
8/26/2017,1,7
8/27/2017,1,7
8/28/2017,1,7
8/29/2017,1,7
8/30/2017,0,7
8/31/2017,0,8
9/1/2017,2,7
9/2/2017,3,7
9/3/2017,1,8
9/4/2017,0,8
9/5/2017,1,8
9/6/2017,2,5
9/7/2017,3,4
9/8/2017,2,3
9/9/2017,3,4
9/10/2017,3,4
9/11/2017,3,4
9/12/2017,1,4
9/13/2017,1,5
9/14/2017,0,6
9/15/2017,1,7
9/16/2017,1,7
9/17/2017,1,7
9/18/2017,1,6
9/19/2017,1,7
9/20/2017,1,8
9/21/2017,1,9
9/22/2017,2,9
9/23/2017,2,8
9/24/2017,1,8
9/25/2017,1,8
9/26/2017,1,8
9/27/2017,1,8
9/28/2017,2,6
9/29/2017,4,4
9/30/2017,5,3
10/1/2017,6,3
10/2/2017,5,3
10/3/2017,4,4
10/4/2017,3,4
10/5/2017,2,3
10/6/2017,2,5
10/7/2017,1,6
10/8/2017,2,5
10/9/2017,3,6
10/10/2017,4,5
10/11/2017,5,4
10/12/2017,5,3
10/13/2017,5,3
10/14/2017,4,4
10/15/2017,3,4
10/16/2017,7,2
10/17/2017,9,2
10/18/2017,7,1
10/19/2017,6,1
10/20/2017,5,2
10/21/2017,5,2
10/22/2017,4,2
10/23/2017,5,2
10/24/2017,7,2
10/25/2017,10,1
10/26/2017,10,1
10/27/2017,12,1
10/28/2017,14,1
10/29/2017,13,0
10/30/2017,15,0
10/31/2017,16,0
11/1/2017,14,0
11/2/2017,9,1
11/3/2017,8,2
11/4/2017,12,2
11/5/2017,10,2
11/6/2017,11,2
11/7/2017,16,1
11/8/2017,18,1
11/9/2017,18,1
11/10/2017,21,0
11/11/2017,22,0
11/12/2017,20,1
11/13/2017,17,1
11/14/2017,17,1
11/15/2017,16,1
11/16/2017,16,1
11/17/2017,16,1
11/18/2017,15,1
11/19/2017,19,0
11/20/2017,20,0
11/21/2017,16,0
11/22/2017,18,1
11/23/2017,20,1
11/24/2017,16,0
11/25/2017,15,0
11/26/2017,16,0
11/27/2017,17,0
11/28/2017,16,0
11/29/2017,15,0
11/30/2017,17,0
12/1/2017,17,0
12/2/2017,17,0
12/3/2017,17,0
12/4/2017,17,1
12/5/2017,18,1
12/6/2017,22,0
12/7/2017,26,0
12/8/2017,28,0
12/9/2017,27,0
12/10/2017,27,0
12/11/2017,24,0
12/12/2017,25,0
12/13/2017,28,0
12/14/2017,28,0
12/15/2017,29,0
12/16/2017,26,0
12/17/2017,26,0
12/18/2017,21,0
12/19/2017,17,1
12/20/2017,20,1
12/21/2017,23,0
12/22/2017,23,1
12/23/2017,22,0
12/24/2017,26,0
12/25/2017,30,0
12/26/2017,34,0
12/27/2017,37,0
12/28/2017,38,0
12/29/2017,35,0
12/30/2017,34,0
12/31/2017,40,0
1/1/2018,43,0
1/2/2018,42,0
1/3/2018,38,0
1/4/2018,38,0
1/5/2018,39,0
1/6/2018,39,0
1/7/2018,35,0
1/8/2018,29,0
1/9/2018,23,0
1/10/2018,21,0
1/11/2018,17,0
1/12/2018,21,0
1/13/2018,29,0
1/14/2018,35,0
1/15/2018,33,0
1/16/2018,35,0
1/17/2018,36,0
1/18/2018,34,0
1/19/2018,29,0
1/20/2018,23,0
1/21/2018,20,0
1/22/2018,19,0
1/23/2018,20,0
1/24/2018,25,0
1/25/2018,27,0
1/26/2018,24,0
1/27/2018,20,0
1/28/2018,19,0
1/29/2018,22,0
1/30/2018,27,0
1/31/2018,26,0
2/1/2018,23,0
2/2/2018,28,0
2/3/2018,28,0
2/4/2018,25,0
2/5/2018,28,0
2/6/2018,29,0
2/7/2018,27,0
2/8/2018,27,0
2/9/2018,26,0
2/10/2018,24,0
2/11/2018,23,1
2/12/2018,26,1
2/13/2018,28,0
2/14/2018,20,0
2/15/2018,14,1
2/16/2018,14,1
2/17/2018,20,1
2/18/2018,21,1
2/19/2018,18,1
2/20/2018,20,1
2/21/2018,17,1
2/22/2018,21,1
2/23/2018,21,1
2/24/2018,19,1
2/25/2018,19,1
2/26/2018,17,1
2/27/2018,18,1
2/28/2018,18,1
3/1/2018,18,1
3/2/2018,20,1
3/3/2018,20,0
3/4/2018,20,0
3/5/2018,20,0
3/6/2018,20,0
3/7/2018,21,0
3/8/2018,22,0
3/9/2018,21,0
3/10/2018,20,0
3/11/2018,20,0
3/12/2018,20,0
3/13/2018,21,0
3/14/2018,21,0
3/15/2018,20,0
3/16/2018,20,0
3/17/2018,20,0
3/18/2018,19,1
3/19/2018,19,1
3/20/2018,20,1
3/21/2018,21,0
3/22/2018,19,0
3/23/2018,19,0
3/24/2018,19,0
3/25/2018,19,0
3/26/2018,19,1
3/27/2018,18,1
3/28/2018,16,1
3/29/2018,14,1
3/30/2018,15,1
3/31/2018,16,1
4/1/2018,17,1
4/2/2018,18,1
4/3/2018,17,1
4/4/2018,17,1
4/5/2018,19,0
4/6/2018,18,1
4/7/2018,20,1
4/8/2018,20,0
4/9/2018,19,1
4/10/2018,17,1
4/11/2018,15,0
4/12/2018,14,0
4/13/2018,12,1
4/14/2018,13,1
4/15/2018,15,1
4/16/2018,17,0
4/17/2018,16,0
4/18/2018,14,1
4/19/2018,15,1
4/20/2018,14,0
4/21/2018,12,1
4/22/2018,10,1
4/23/2018,8,1
4/24/2018,8,1
4/25/2018,9,1
4/26/2018,8,1
4/27/2018,9,1
4/28/2018,9,1
4/29/2018,11,1
4/30/2018,9,1
5/1/2018,6,1
5/2/2018,4,2
5/3/2018,3,3
5/4/2018,2,3
5/5/2018,3,2
5/6/2018,4,2
5/7/2018,4,2
5/8/2018,3,2
5/9/2018,3,3
5/10/2018,4,3
5/11/2018,6,3
5/12/2018,7,3
5/13/2018,6,4
5/14/2018,3,4
5/15/2018,3,4
5/16/2018,4,3
5/17/2018,3,3
5/18/2018,4,3
5/19/2018,5,3
5/20/2018,3,5
5/21/2018,3,4
5/22/2018,2,5
5/23/2018,1,6
5/24/2018,1,6
5/25/2018,1,7
5/26/2018,1,9
5/27/2018,1,8
5/28/2018,1,8
5/29/2018,1,9
5/30/2018,1,9
5/31/2018,1,9
6/1/2018,1,9
6/2/2018,1,9
6/3/2018,1,7
6/4/2018,2,6
6/5/2018,2,6
6/6/2018,2,6
6/7/2018,1,6
6/8/2018,0,7
6/9/2018,1,8
6/10/2018,1,7
6/11/2018,1,7
6/12/2018,1,7
6/13/2018,0,9
6/14/2018,0,9
6/15/2018,1,9
6/16/2018,1,9
6/17/2018,1,11
6/18/2018,0,12
6/19/2018,0,11
6/20/2018,0,9
6/21/2018,0,9
6/22/2018,0,8
6/23/2018,1,9
6/24/2018,0,10
6/25/2018,0,9
6/26/2018,1,9
6/27/2018,0,9
6/28/2018,0,11
6/29/2018,0,12
6/30/2018,0,13
7/1/2018,0,14
7/2/2018,0,13
7/3/2018,0,14
7/4/2018,0,14
7/5/2018,0,14
7/6/2018,0,13
7/7/2018,0,9
7/8/2018,0,9
7/9/2018,0,11
7/10/2018,0,12
7/11/2018,0,12
7/12/2018,0,12
7/13/2018,0,12
7/14/2018,0,13
7/15/2018,0,14
7/16/2018,0,14
7/17/2018,0,13
7/18/2018,0,11
7/19/2018,0,11
7/20/2018,0,11
7/21/2018,0,11
7/22/2018,0,11
7/23/2018,0,12
7/24/2018,0,13
7/25/2018,0,13
7/26/2018,0,12
7/27/2018,0,11
7/28/2018,0,11
7/29/2018,0,10
7/30/2018,0,10
7/31/2018,0,10
8/1/2018,0,11
8/2/2018,0,11
8/3/2018,0,12
8/4/2018,0,13
8/5/2018,0,14
8/6/2018,0,14
8/7/2018,0,14
8/8/2018,0,13
8/9/2018,0,13
8/10/2018,0,12
8/11/2018,0,11
8/12/2018,0,11
8/13/2018,0,10
8/14/2018,0,11
8/15/2018,0,12
8/16/2018,0,13
8/17/2018,0,13
8/18/2018,0,12
8/19/2018,0,10
8/20/2018,0,10
8/21/2018,0,10
8/22/2018,0,9
8/23/2018,0,7
8/24/2018,0,7
8/25/2018,0,8
8/26/2018,0,10
8/27/2018,0,12
8/28/2018,0,13
8/29/2018,0,12
8/30/2018,0,10
8/31/2018,0,9
9/1/2018,0,10
9/2/2018,0,11
9/3/2018,0,12
9/4/2018,0,13
9/5/2018,0,12
9/6/2018,0,11
9/7/2018,0,9
9/8/2018,1,7
9/9/2018,3,6
9/10/2018,2,5
9/11/2018,1,6
9/12/2018,1,7
9/13/2018,1,8
9/14/2018,1,9
9/15/2018,1,9
9/16/2018,1,10
9/17/2018,1,10
9/18/2018,1,10
9/19/2018,1,9
9/20/2018,1,9
9/21/2018,1,8
9/22/2018,2,6
9/23/2018,3,4
9/24/2018,3,5
9/25/2018,2,7
9/26/2018,2,6
9/27/2018,3,4
9/28/2018,4,4
9/29/2018,5,4
9/30/2018,4,4
10/1/2018,3,5
10/2/2018,2,6
10/3/2018,2,7
10/4/2018,3,6
10/5/2018,5,5
10/6/2018,4,5
10/7/2018,4,6
10/8/2018,3,6
10/9/2018,3,6
10/10/2018,3,6
10/11/2018,6,4
10/12/2018,9,1
10/13/2018,11,1
10/14/2018,11,2
10/15/2018,11,2
10/16/2018,12,2
10/17/2018,11,2
10/18/2018,13,1
10/19/2018,11,1
10/20/2018,9,2
10/21/2018,14,1
10/22/2018,13,1
10/23/2018,12,1
10/24/2018,13,1
10/25/2018,14,1
10/26/2018,14,1
10/27/2018,12,1
10/28/2018,11,1
10/29/2018,11,1
10/30/2018,11,1
10/31/2018,10,1
11/1/2018,10,1
11/2/2018,10,1
11/3/2018,12,1
11/4/2018,13,1
11/5/2018,12,1
11/6/2018,10,2
11/7/2018,13,2
11/8/2018,16,1
11/9/2018,19,1
11/10/2018,23,1
11/11/2018,24,0
11/12/2018,24,1
11/13/2018,24,1
11/14/2018,25,1
11/15/2018,25,0
11/16/2018,22,0
11/17/2018,21,0
11/18/2018,22,0
11/19/2018,21,0
11/20/2018,21,0
11/21/2018,23,0
11/22/2018,25,0
11/23/2018,23,0
11/24/2018,19,0
11/25/2018,18,0
11/26/2018,21,0
11/27/2018,25,0
11/28/2018,27,0
11/29/2018,23,0
11/30/2018,20,0
12/1/2018,19,1
12/2/2018,17,1
12/3/2018,20,1
12/4/2018,26,0
12/5/2018,29,0
12/6/2018,28,0
12/7/2018,28,0
12/8/2018,29,0
12/9/2018,29,0
12/10/2018,29,0
12/11/2018,28,0
12/12/2018,25,0
12/13/2018,23,0
12/14/2018,21,0
12/15/2018,19,0
12/16/2018,20,0
12/17/2018,21,0
12/18/2018,23,0
12/19/2018,22,0
12/20/2018,20,0
12/21/2018,19,0
12/22/2018,21,0
12/23/2018,24,0
12/24/2018,24,0
12/25/2018,24,0
12/26/2018,23,0
12/27/2018,22,0
12/28/2018,21,1
12/29/2018,24,0
12/30/2018,25,0
12/31/2018,22,1
1/1/2019,23,1
1/2/2019,27,0
1/3/2019,24,0
1/4/2019,22,0
1/5/2019,21,0
1/6/2019,20,0
1/7/2019,21,0
1/8/2019,18,0
1/9/2019,23,0
1/10/2019,27,0
1/11/2019,28,0
1/12/2019,28,0
1/13/2019,29,0
1/14/2019,30,0
1/15/2019,30,0
1/16/2019,27,0
1/17/2019,27,0
1/18/2019,24,0
1/19/2019,25,0
1/20/2019,30,0
1/21/2019,38,0
1/22/2019,32,0
1/23/2019,26,0
1/24/2019,25,0
1/25/2019,31,0
1/26/2019,32,0
1/27/2019,29,0
1/28/2019,28,0
1/29/2019,32,0
1/30/2019,38,0
1/31/2019,39,0
2/1/2019,34,0
2/2/2019,26,0
2/3/2019,20,0
2/4/2019,18,0
2/5/2019,20,0
2/6/2019,21,1
2/7/2019,21,1
2/8/2019,28,0
2/9/2019,33,0
2/10/2019,31,0
2/11/2019,27,0
2/12/2019,24,1
2/13/2019,26,0
2/14/2019,22,0
2/15/2019,22,0
2/16/2019,26,0
2/17/2019,28,0
2/18/2019,29,1
2/19/2019,32,1
2/20/2019,29,1
2/21/2019,25,1
2/22/2019,24,1
2/23/2019,23,1
2/24/2019,21,1
2/25/2019,27,0
2/26/2019,27,0
2/27/2019,26,0
2/28/2019,26,0
3/1/2019,25,0
3/2/2019,24,0
3/3/2019,27,1
3/4/2019,33,0
3/5/2019,35,0
3/6/2019,34,0
3/7/2019,30,0
3/8/2019,26,0
3/9/2019,22,1
3/10/2019,20,1
3/11/2019,19,1
3/12/2019,20,1
3/13/2019,18,1
3/14/2019,14,1
3/15/2019,14,1
3/16/2019,19,0
3/17/2019,20,0
3/18/2019,20,0
3/19/2019,20,0
3/20/2019,19,0
3/21/2019,18,0
3/22/2019,17,0
3/23/2019,18,0
3/24/2019,15,0
3/25/2019,15,1
3/26/2019,18,0
3/27/2019,17,0
3/28/2019,14,0
3/29/2019,13,0
3/30/2019,11,0
3/31/2019,17,0
4/1/2019,20,0
4/2/2019,18,0
4/3/2019,14,0
4/4/2019,14,1
4/5/2019,13,1
4/6/2019,9,1
4/7/2019,7,1
4/8/2019,5,2
4/9/2019,7,2
4/10/2019,11,2
4/11/2019,12,1
4/12/2019,11,1
4/13/2019,10,2
4/14/2019,10,2
4/15/2019,11,1
4/16/2019,10,0
4/17/2019,7,1
4/18/2019,6,1
4/19/2019,7,1
4/20/2019,8,1
4/21/2019,8,0
4/22/2019,6,1
4/23/2019,4,1
4/24/2019,5,2
4/25/2019,5,2
4/26/2019,6,2
4/27/2019,9,1
4/28/2019,10,2
4/29/2019,11,2
4/30/2019,9,3
5/1/2019,7,3
5/2/2019,6,3
5/3/2019,6,3
5/4/2019,5,3
5/5/2019,5,2
5/6/2019,5,2
5/7/2019,5,3
5/8/2019,5,3
5/9/2019,6,3
5/10/2019,6,2
5/11/2019,6,2
5/12/2019,8,2
5/13/2019,8,2
5/14/2019,8,2
5/15/2019,6,2
5/16/2019,4,3
5/17/2019,4,4
5/18/2019,4,5
5/19/2019,4,5
5/20/2019,5,5
5/21/2019,7,4
5/22/2019,5,4
5/23/2019,4,5
5/24/2019,3,6
5/25/2019,3,6
5/26/2019,2,7
5/27/2019,3,6
5/28/2019,3,7
5/29/2019,2,6
5/30/2019,2,6
5/31/2019,1,6
6/1/2019,1,6
6/2/2019,1,6
6/3/2019,3,5
6/4/2019,2,6
6/5/2019,1,7
6/6/2019,1,8
6/7/2019,1,7
6/8/2019,1,7
6/9/2019,1,7
6/10/2019,1,7
6/11/2019,1,6
6/12/2019,1,5
6/13/2019,2,4
6/14/2019,1,4
6/15/2019,1,5
6/16/2019,1,6
6/17/2019,0,7
6/18/2019,0,8
6/19/2019,0,8
6/20/2019,1,8
6/21/2019,1,8
6/22/2019,1,7
6/23/2019,1,8
6/24/2019,0,8
6/25/2019,0,9
6/26/2019,0,10
6/27/2019,0,10
6/28/2019,0,11
6/29/2019,0,12
6/30/2019,0,11
7/1/2019,0,11
7/2/2019,0,12
7/3/2019,0,12
7/4/2019,0,12
7/5/2019,0,12
7/6/2019,0,13
7/7/2019,0,11
7/8/2019,0,10
7/9/2019,0,10
7/10/2019,0,12
7/11/2019,0,12
7/12/2019,0,12
7/13/2019,0,12
7/14/2019,0,13
7/15/2019,0,12
7/16/2019,0,13
7/17/2019,0,14
7/18/2019,0,14
7/19/2019,0,15
7/20/2019,0,15
7/21/2019,0,15
7/22/2019,0,12
7/23/2019,0,9
7/24/2019,0,8
7/25/2019,0,9
7/26/2019,0,10
7/27/2019,0,11
7/28/2019,0,13
7/29/2019,0,13
7/30/2019,0,12
7/31/2019,0,11
8/1/2019,0,11
8/2/2019,0,10
8/3/2019,0,11
8/4/2019,0,12
8/5/2019,0,12
8/6/2019,0,12
8/7/2019,0,12
8/8/2019,0,12
8/9/2019,0,11
8/10/2019,0,10
8/11/2019,0,10
8/12/2019,0,11
8/13/2019,0,12
8/14/2019,0,12
8/15/2019,0,11
8/16/2019,0,11
8/17/2019,0,12
8/18/2019,0,12
8/19/2019,0,13
8/20/2019,0,13
8/21/2019,0,12
8/22/2019,0,12
8/23/2019,0,9
8/24/2019,1,7
8/25/2019,0,7
8/26/2019,1,8
8/27/2019,1,9
8/28/2019,0,9
8/29/2019,0,9
8/30/2019,0,8
8/31/2019,1,8
9/1/2019,0,9
9/2/2019,0,10
9/3/2019,0,10
9/4/2019,0,10
9/5/2019,1,9
9/6/2019,1,8
9/7/2019,1,8
9/8/2019,1,7
9/9/2019,1,8
9/10/2019,1,9
9/11/2019,1,11
9/12/2019,1,10
9/13/2019,1,9
9/14/2019,1,8
9/15/2019,0,9
9/16/2019,1,9
9/17/2019,1,8
9/18/2019,2,7
9/19/2019,2,6
9/20/2019,2,6
9/21/2019,1,7
9/22/2019,1,8
9/23/2019,1,8
9/24/2019,1,6
9/25/2019,1,6
9/26/2019,1,6
9/27/2019,2,6
9/28/2019,2,7
9/29/2019,3,7
9/30/2019,3,8
10/1/2019,3,8
10/2/2019,3,9
10/3/2019,5,6
10/4/2019,6,5
10/5/2019,7,4
10/6/2019,5,4
10/7/2019,4,4
10/8/2019,5,3
10/9/2019,6,2
10/10/2019,6,3
10/11/2019,7,2
10/12/2019,10,1
10/13/2019,9,1
10/14/2019,8,2
10/15/2019,8,2
10/16/2019,9,2
10/17/2019,11,1
10/18/2019,10,1
10/19/2019,10,1
10/20/2019,9,2
10/21/2019,7,2
10/22/2019,8,2
10/23/2019,9,1
10/24/2019,11,2
10/25/2019,12,2
10/26/2019,10,2
10/27/2019,10,2
10/28/2019,12,1
10/29/2019,14,1
10/30/2019,14,1
10/31/2019,13,2
11/1/2019,19,1
11/2/2019,19,1
11/3/2019,17,0
11/4/2019,15,1
11/5/2019,14,1
11/6/2019,15,1
11/7/2019,17,1
11/8/2019,22,1
11/9/2019,21,1
11/10/2019,17,0
11/11/2019,17,0
11/12/2019,25,0
11/13/2019,30,0
11/14/2019,26,0
11/15/2019,22,0
11/16/2019,21,0
11/17/2019,21,0
11/18/2019,18,0
11/19/2019,17,0
11/20/2019,17,0
11/21/2019,17,0
11/22/2019,18,0
11/23/2019,21,0
11/24/2019,19,0
11/25/2019,18,0
11/26/2019,18,0
11/27/2019,18,0
11/28/2019,22,0
11/29/2019,23,0
11/30/2019,21,1
12/1/2019,22,0
12/2/2019,24,0
12/3/2019,25,0
12/4/2019,22,0
12/5/2019,21,0
12/6/2019,21,0
12/7/2019,23,0
12/8/2019,21,0
12/9/2019,18,0
12/10/2019,21,0
12/11/2019,28,0
12/12/2019,27,0
12/13/2019,23,0
12/14/2019,21,0
12/15/2019,23,0
12/16/2019,25,0
12/17/2019,26,1
12/18/2019,30,0
12/19/2019,32,0
12/20/2019,28,0
12/21/2019,25,0
12/22/2019,23,0
12/23/2019,21,0
12/24/2019,20,0
12/25/2019,20,0
12/26/2019,19,0
12/27/2019,19,0
12/28/2019,18,1
12/29/2019,18,1
12/30/2019,20,1
12/31/2019,24,0
1/1/2020,24,0
1/2/2020,21,0
1/3/2020,18,0
1/4/2020,19,1
1/5/2020,23,0
1/6/2020,23,0
1/7/2020,23,0
1/8/2020,26,0
1/9/2020,25,0
1/10/2020,20,1
1/11/2020,17,1
1/12/2020,20,1
1/13/2020,22,1
1/14/2020,20,1
1/15/2020,19,1
1/16/2020,23,1
1/17/2020,28,0
1/18/2020,26,0
1/19/2020,28,0
1/20/2020,33,0
1/21/2020,33,0
1/22/2020,30,0
1/23/2020,26,0
1/24/2020,22,0
1/25/2020,22,0
1/26/2020,22,0
1/27/2020,23,0
1/28/2020,23,0
1/29/2020,25,0
1/30/2020,26,0
1/31/2020,24,0
2/1/2020,22,0
2/2/2020,19,0
2/3/2020,19,0
2/4/2020,21,0
2/5/2020,24,0
2/6/2020,24,1
2/7/2020,24,0
2/8/2020,27,0
2/9/2020,25,0
2/10/2020,23,1
2/11/2020,21,1
2/12/2020,22,1
2/13/2020,25,1
2/14/2020,31,0
2/15/2020,30,0
2/16/2020,24,0
2/17/2020,21,1
2/18/2020,20,1
2/19/2020,24,1
2/20/2020,29,1
2/21/2020,30,0
2/22/2020,25,0
2/23/2020,21,0
2/24/2020,19,0
2/25/2020,19,0
2/26/2020,21,0
2/27/2020,24,0
2/28/2020,25,0
2/29/2020,25,0
3/1/2020,22,0
3/2/2020,18,0
3/3/2020,14,1
3/4/2020,15,1
3/5/2020,17,1
3/6/2020,20,0
3/7/2020,21,0
3/8/2020,17,0
3/9/2020,13,0
3/10/2020,13,1
3/11/2020,14,1
3/12/2020,13,1
3/13/2020,13,1
3/14/2020,17,1
3/15/2020,19,1
3/16/2020,20,1
3/17/2020,17,1
3/18/2020,16,1
3/19/2020,13,2
3/20/2020,12,2
3/21/2020,19,1
3/22/2020,20,1
3/23/2020,19,1
3/24/2020,16,2
3/25/2020,15,2
3/26/2020,14,2
3/27/2020,12,2
3/28/2020,12,3
3/29/2020,11,2
3/30/2020,12,1
3/31/2020,15,1
4/1/2020,15,0
4/2/2020,15,0
4/3/2020,14,0
4/4/2020,15,0
4/5/2020,13,0
4/6/2020,10,1
4/7/2020,8,2
4/8/2020,7,3
4/9/2020,12,2
4/10/2020,16,1
4/11/2020,14,1
4/12/2020,13,2
4/13/2020,13,1
4/14/2020,17,1
4/15/2020,18,1
4/16/2020,18,0
4/17/2020,17,1
4/18/2020,15,1
4/19/2020,13,1
4/20/2020,11,1
4/21/2020,12,1
4/22/2020,13,1
4/23/2020,11,2
4/24/2020,9,2
4/25/2020,9,2
4/26/2020,9,2
4/27/2020,9,1
4/28/2020,7,2
4/29/2020,6,2
4/30/2020,7,1
5/1/2020,6,1
5/2/2020,4,2
5/3/2020,3,3
5/4/2020,6,3
5/5/2020,9,3
5/6/2020,10,2
5/7/2020,9,2
5/8/2020,11,2
5/9/2020,14,1
5/10/2020,11,1
5/11/2020,12,1
5/12/2020,12,1
5/13/2020,10,2
5/14/2020,6,2
5/15/2020,2,3
5/16/2020,2,3
5/17/2020,4,4
5/18/2020,4,3
5/19/2020,5,3
5/20/2020,6,2
5/21/2020,5,3
5/22/2020,3,4
5/23/2020,2,5
5/24/2020,2,6
5/25/2020,2,6
5/26/2020,1,7
5/27/2020,0,7
5/28/2020,0,7
5/29/2020,0,7
5/30/2020,2,5
5/31/2020,3,4
6/1/2020,3,4
6/2/2020,2,7
6/3/2020,0,9
6/4/2020,0,10
6/5/2020,0,9
6/6/2020,1,9
6/7/2020,2,7
6/8/2020,2,7
6/9/2020,1,9
6/10/2020,1,10
6/11/2020,0,8
6/12/2020,1,6
6/13/2020,3,5
6/14/2020,3,4
6/15/2020,2,5
6/16/2020,1,5
6/17/2020,1,5
6/18/2020,0,7
6/19/2020,0,8
6/20/2020,0,9
6/21/2020,0,10
6/22/2020,0,10
6/23/2020,0,10
6/24/2020,0,9
6/25/2020,0,9
6/26/2020,0,10
6/27/2020,0,10
6/28/2020,0,11
6/29/2020,1,11
6/30/2020,1,10
7/1/2020,0,10
7/2/2020,0,11
7/3/2020,0,12
7/4/2020,0,12
7/5/2020,0,13
7/6/2020,0,13
7/7/2020,0,12
7/8/2020,0,13
7/9/2020,0,13
7/10/2020,0,13
7/11/2020,0,14
7/12/2020,0,12
7/13/2020,0,12
7/14/2020,0,11
7/15/2020,0,11
7/16/2020,0,11
7/17/2020,0,12
7/18/2020,0,14
7/19/2020,0,15
7/20/2020,0,14
7/21/2020,0,13
7/22/2020,0,12
7/23/2020,0,12
7/24/2020,0,11
7/25/2020,0,12
7/26/2020,0,13
7/27/2020,0,14
7/28/2020,0,13
7/29/2020,0,13
7/30/2020,0,13
7/31/2020,0,12
8/1/2020,0,11
8/2/2020,0,12
8/3/2020,0,11
8/4/2020,0,9
8/5/2020,0,9
8/6/2020,0,8
8/7/2020,0,9
8/8/2020,0,11
8/9/2020,0,12
8/10/2020,0,13
8/11/2020,0,13
8/12/2020,0,13
8/13/2020,0,12
8/14/2020,0,13
8/15/2020,0,12
8/16/2020,0,11
8/17/2020,0,11
8/18/2020,0,10
8/19/2020,0,9
8/20/2020,0,9
8/21/2020,0,9
8/22/2020,0,11
8/23/2020,0,12
8/24/2020,0,13
8/25/2020,0,13
8/26/2020,0,12
8/27/2020,0,12
8/28/2020,0,13
8/29/2020,0,11
8/30/2020,0,8
8/31/2020,1,8
9/1/2020,1,8
9/2/2020,0,10
9/3/2020,0,11
9/4/2020,0,10
9/5/2020,0,9
9/6/2020,0,9
9/7/2020,0,9
9/8/2020,2,8
9/9/2020,3,7
9/10/2020,3,7
9/11/2020,2,6
9/12/2020,2,6
9/13/2020,1,6
9/14/2020,1,6
9/15/2020,3,5
9/16/2020,2,5
9/17/2020,2,5
9/18/2020,3,5
9/19/2020,6,3
9/20/2020,6,3
9/21/2020,5,2
9/22/2020,4,3
9/23/2020,2,3
9/24/2020,2,3
9/25/2020,1,4
9/26/2020,1,5
9/27/2020,1,6
9/28/2020,2,5
9/29/2020,4,4
9/30/2020,4,3
10/1/2020,5,3
10/2/2020,7,3
10/3/2020,8,3
10/4/2020,8,2
10/5/2020,7,3
10/6/2020,5,3
10/7/2020,2,3
10/8/2020,4,3
10/9/2020,4,3
10/10/2020,3,3
10/11/2020,3,4
10/12/2020,5,4
10/13/2020,5,3
10/14/2020,5,3
10/15/2020,6,3
10/16/2020,9,2
10/17/2020,11,2
10/18/2020,10,2
10/19/2020,10,2
10/20/2020,7,3
10/21/2020,5,3
10/22/2020,4,3
10/23/2020,6,3
10/24/2020,11,2
10/25/2020,15,1
10/26/2020,16,1
10/27/2020,15,1
10/28/2020,13,2
10/29/2020,12,2
10/30/2020,15,1
10/31/2020,16,1
11/1/2020,14,1
11/2/2020,17,1
11/3/2020,13,0
11/4/2020,9,1
11/5/2020,7,1
11/6/2020,6,1
11/7/2020,7,1
11/8/2020,8,1
11/9/2020,8,2
11/10/2020,9,2
11/11/2020,12,2
11/12/2020,13,2
11/13/2020,16,1
11/14/2020,16,1
11/15/2020,14,1
11/16/2020,15,1
11/17/2020,18,0
11/18/2020,20,0
11/19/2020,16,0
11/20/2020,12,1
11/21/2020,14,1
11/22/2020,16,1
11/23/2020,18,0
11/24/2020,19,0
11/25/2020,17,1
11/26/2020,15,1
11/27/2020,16,1
11/28/2020,17,0
11/29/2020,19,0
11/30/2020,20,0
12/1/2020,24,0
12/2/2020,25,0
12/3/2020,24,0
12/4/2020,21,0
12/5/2020,22,0
12/6/2020,23,0
12/7/2020,24,0
12/8/2020,24,0
12/9/2020,21,0
12/10/2020,20,0
12/11/2020,20,0
12/12/2020,20,0
12/13/2020,20,0
12/14/2020,25,0
12/15/2020,29,0
12/16/2020,29,0
12/17/2020,29,0
12/18/2020,28,0
12/19/2020,27,0
12/20/2020,24,0
12/21/2020,20,0
12/22/2020,21,0
12/23/2020,21,0
12/24/2020,25,0
12/25/2020,28,0
